Hotel_id,State,City,Ratings,Alcohol_Availability,Hotel_Name,Address,Total_Rooms,Category,Pricing,Meals
1,Delhi,New Delhi,3,Without Alcohol,Hotel LA  A unit of L A Hotels And Retreats Pvt  Ltd  ,plot no A 1  Community Centre  Road No 43  Mangolpuri Industrial Area Phase   2  Pitampura New Delhi,35,1 Star,11597,All meals
2,Gujarat,Adalaj,5,Without Alcohol,Amba Suites  Unit of Amba Township Private Limited,Amba Business Park  Shivam     II  Sub Plot No  M1  Block No  477   478,64,1 Star,11023,Dinner
32,Gujarat,Ahmedabad,4,Without Alcohol,Hotel Pragati The Grand  A Unit of Pragati The Grand Residency ,SP 2 FP 2342 PAIKI  NR ZYDUS CADILA HOSPITAL HEBATPUR ROAD THALTEJ Ahmedabad,45,1 Star,9832,Lunch
4,Gujarat,Ahmedabad,2.2,Without Alcohol,Hotel Rezaas,375 1  Sheetal Baug  Nr  Girish Cold Drink  Off C  G  Road  Mithakhali  Ellisbridge  Ahmedabad 380006,38,1 Star,10455,Breakfast
5,Gujarat,Anand,4.5,Without Alcohol,HOTEL ARIZONA INN,OPP  S R PARK  ANAND  SOJITRA ROAD  ANAND  388001,28,1 Star,8764,Breakfast
6,Gujarat,Bhavnagar,5,Without Alcohol,Blackbuck Safari Lodge,Near Narmada Canal  Velavadar  Ayodhyapuram Road  Village Rajgadh  Taluka  District Bhavnagar,18,1 Star,12345,Lunch
7,Gujarat,Gandhinagar,2.2,Without Alcohol,7 Wonders,Ugati Corporate Park  Opp  Pratik Mall  Kudasan   Por Road  Kudasan,19,1 Star,9158,Dinner
8,Gujarat,Gandhinagar,4.4,Without Alcohol,Jinanssh Hotels,White House  Near Vijay Petrol Pump  Opp  Sachivalaya  Sector 11,58,1 Star,14267,All meals
9,Gujarat,Morvi,3.2,Without Alcohol,Avadh Fun Hub,Revenue Survey No  609 Paiki 2  Opp  Dhartidhan Hotel  Rajkot Morvi Highway  Nr  Lajai Chowkdi,12,1 Star,10896,Dinner
10,Gujarat,Rajkot,2,Without Alcohol,The Pinevinta Hotel,Near Bombay Petrol Pump  Gondal Road Rajkot,25,1 Star,12789,Lunch
11,Gujarat,Surat,4,Without Alcohol,GEN X  SURAT  A UNIT OF KADODARA HOTELS ,415  4TH FLOOR  CHHATRALA CITY CENTER  NATIONAL HIGHWAY  08  NEAR KADODARA CHAR RASTA  AT   POST  UMBHEL  TAL  KAMREJ  SURAT 394325 Surat Surat Surat,49,1 Star,9674,Breakfast
12,Gujarat,Vadodara,3.4,Without Alcohol,HOTEL APPLE GRAND ,SURVEY NO 564 AND 565 N H 08 VILLAGE   TARASALI VADODRA BY PASS,42,1 Star,8956,All meals
13,Gujarat,Vadodara,1.2,Without Alcohol,VADPADRAKA HOTEL   RESORT,VADPADRAKA HOTEL   RESORT  SURVEY NO 58 B  PAIKI  BETWEEN SUMANDEEP AND PARUL UNIVERSITY  OPPOSITE VNS HOSTEL AT DATTAPURA  P O  LIMDA 391760  GUJARAT,18,1 Star,13542,Dinner
14,Gujarat,Veraval,3,Without Alcohol,The Divine Water World,Junagadh Somnath Highway  Near Dari Toll Plaza  Opp  Over Bridge  Village Dari,23,1 Star,10321,All meals
15,Madhya Pradesh,Dhar,4.1,Without Alcohol,HOTEL JAHAJMAHAL,MANDU  MADHYA PRADESH,25,1 Star,8345,Breakfast
16,Maharashtra,Lonavala,2.3,Without Alcohol,HOTEL MANIK MOTI,GAT NO 164 KURAVANDE VILLAGE  INS SHIVAJI ROAD  LONAVLA   TAL MAVAL DIST PUNE ,19,1 Star,13987,Lunch
17,Andaman And Nicobar,Port Blair ,4.3,Without Alcohol,HOTEL SHREESH,LINK ROAD  GOAL GHAR  PORT BLAIR  ANDAMAN   NICOBAR ISLAND Port Blair ,38,2 Star,18742,Dinner
18,Assam,Dibrugarh,2.3,Without Alcohol,COMFORT HOTEL,ROTARY ROAD  DIBRUGARH  ASSAM 786001 ,26,2 Star,22563,Lunch
19,Assam,Dibrugarh,3,Without Alcohol,Hotel Sanjivani Heritage,Nirmali Gaon  Opposite City College  PO  C R Building,28,2 Star,25891,Breakfast
20,Assam,Guwahati,2.1,Without Alcohol,HOTEL NEZONE   A UNIT OF NEZONE GLASS PVT  LTD ,N H 37  GARCHUK  NEAR DY 365 NEWS CHANNEL  GUWAHATI  781035,28,2 Star,26874,Dinner
21,Gujarat,Dwarka,3.6,Without Alcohol,Cygnett Inn Dwarka  Unit of Om Enterprise ,Near Sai Baba Mandir,48,2 Star,21345,All meals
22,Gujarat,Gandhidham,2.9,Without Alcohol,RAJVI HOTELS,plot no A 1  Community Centre  Road No 43  Mangolpuri Industrial Area Phase   2  Pitampura New Delhi,40,2 Star,17982,Breakfast
23,Gujarat,Gandhidham,3,Without Alcohol,The Neemaya Hotel  A Unit of Hotel Natraj ,Plot No 50  Sector 9  Opp  S T Bus Stand Gandhidham,51,2 Star,20217,All meals
24,Gujarat,Gandhinagar,4,Without Alcohol,Hotel The Hillock  A unit of HOTEL HILLOCK PRIVATE LIMITED ,HOTEL HILLOCK  S P RING ROAD BETWEEN VAISJHNODEVI CIRCLE   ZUNDAL CIRCLE  ZUNDAL Gandhinagar,49,2 Star,27493,Breakfast
25,Gujarat,Jamnagar,3,Without Alcohol,Raaj Svasti Inn  Unit of Raaj Enventure Private Limited,Plot No  2   3  R S No 64 1  Near A J Engineering  Jamnagar   Khambhaliya Road  Village Sapar,48,2 Star,19625,Dinner
26,Gujarat,Kevadiya,1.1,Without Alcohol,BRG BUDGET STAY  A unit of Anay Associates ,BRG BUDGET STAY NR AAROGYA VAN BHUMALIYA ROAD KEVADIA COLONY DIST NARMADA GUJARAT INDIA,139,2 Star,28109,Lunch
27,Gujarat,Morabi,2.3,Without Alcohol,Club 36  Unit of Vrunda Entertainment LLP,Rajkot   Morbi Highway  Behind Jog Ashram  Lajai,10,2 Star,23456,All meals
28,Gujarat,Morvi,2.4,Without Alcohol,Shiv Hotel,Opp  Shiv Petroleum  Morbi   Halvad Highway  Nichi Mandal,21,2 Star,24875,Lunch
29,Gujarat,Navsari,4.7,Without Alcohol,HARE KRISHNA HOTEL,Block no 568 2 Block no  573 Village Padgha national highway no  08 nr Veshma Chokdi Navsari 396445 Gujarat,15,2 Star,18567,Breakfast
30,Gujarat,Porbandar,4.1,Without Alcohol,HOTEL BALAJI PALACE,3 WADI POT MG ROAD KAMALA BAUG porbandar 360575,20,2 Star,19872,Dinner
31,Gujarat,Saurashtra,1.3,Without Alcohol,Rann Riders,Sh 18  Surendranagar  Dasada,29,2 Star,16854,Breakfast
32,Gujarat,Vadodara,2.2,Without Alcohol,EFFOTEL BY SAYAJI,EFFOTEL BY SAYAJI  OPPOSITE RAJSHREE CENTER  NEAR KALAGHODA CIRCLE SAYAJIGUNJ  VADODARA   390 005,83,2 Star,29234,All meals
33,Himachal Pradesh,Manali,3.6,Without Alcohol,HOTEL VALLEY OF GODS,VILLAGE   P O VASHISHT  TEHSIL  MANALI DISTT  KULLU  H P ,15,2 Star,25309,All meals
34,Kerala,Thiruvananthapuram,3.7,Without Alcohol,Hotel Marine Palace ,Beach Road   Hawah Beach  Kovalam P O   Thiruvananthapuram Dist   Kerala   Pin 695527,20,2 Star,27456,Lunch
35,Kerala,Thiruvananthapuram,4.6,Without Alcohol,JEEVAN AYURVEDIC BEACH RESORT,LIGHT HOUSE BEACH  KOVALAM  VIZHINJAM P O,14,2 Star,29845,Breakfast
36,Maharashtra,Kollhapur,1,Without Alcohol,Hotel Vrishali Executive  A unit of Vrishali Hotels Pvt  Ltd  ,39 A 2  TARABAI PARK Kollhapur,84,2 Star,22763,Dinner
37,Maharashtra,SANTACURZ,4.4,Without Alcohol,HOTEL AIRLINK,75 OFF NEHRU ROAD NEAR SANTACRUZ AIRPORT  VILE PARLE EAST   MUMBAI 400099 ,39,2 Star,26981,Lunch
38,Odisha,Sambalpur,3.4,Without Alcohol,Welcome Spa and Resort,At Po  Majhilali  PS  Sasan  Sambalpur,41,2 Star,17392,All meals
39,Rajasthan,Alwar,1.6,Without Alcohol,SPARROW INN  A Unit of Alwar Hospitality Pvt  Ltd  ,MANU MARG  ALWAR Alwar,19,2 Star,29576,Lunch
40,Andhra Pradesh,East Godavari,3.5,Without Alcohol,HOTEL SHELTON RAJAMAHENDRI,87 1 19B  AYYAPPA NAGAR  NEAR APSRTC COMPLEX ROAD  RAJAHMUNDRY ,97,3 Star,43027,All meals
41,Andhra Pradesh,Kakinada,2.4,Without Alcohol,Royal Park Sri Adilakshmi Property Developers Pvt  Ltd  ,Royal Park  Sri Adilakshmi Property Developers Pvt  Ltd   D No   19 1 107  Kosurivari Street  Kakinada 533001  East Godavari  Andhra Pradesh ,84,3 Star,63482,Breakfast
42,Andhra Pradesh,Kurnool,4,Without Alcohol,Triguna Clarks Inn,Adjacent to bus stand  Kallur Road,49,3 Star,35931,Dinner
43,Andhra Pradesh,Nellore,3,Without Alcohol,MINERVA GRAND   NELLORE,MINERVA GRAND   A UNIT OF SECUNDERABAD HOTELS PVT LTD  24 2 474 1  DARGAMITTA  G T ROAD  NELLORE  ANDHRA PRADESH   524 003 Nellore,106,3 Star,41567,Dinner
44,Andhra Pradesh,Rajahmundry,1.1,Without Alcohol,La Hospin Hotel Rajahmundry  A unit of La Hospin Hotels and Resorts Private Limited ,NEAR PUSHKARGHAT  RAJAHMUNDRY Rajahmundry Rajahmundry,69,3 Star,68394,All meals
45,Andhra Pradesh,Rajam,2.3,Without Alcohol,River Bay Resort,D No 5 1 36  River Bay Road  Near ISKCON Temple  Gautama Ghat  Rajamahendravaram,68,3 Star,57812,Breakfast
46,Andhra Pradesh,Tirupati,2.4,Without Alcohol,BHIMAS RESIDENCY HOTEL  A UNIT OF BHIMAS RESIDENCY HOTELS PRIVATE LIMITED ,19 3 41  NEAR RAILWAY OVER BRIDGE  RENIGUNTA ROAD  TIRUPATI Tirupati Tirupati Tirupati,48,3 Star,72894,Lunch
47,Andhra Pradesh,Tirupati,4.7,Without Alcohol,FORTUNE KENCES HOTEL,OPP  APS RTC BUS TERMINAL  TIRUPATI,126,3 Star,31754,Breakfast
48,Andhra Pradesh,Tirupati,4.1,Without Alcohol,Hotel Bliss,Door No 19 3 45  Ramanuja Circle Renigunta Road Tirupati Tirupati,92,3 Star,44983,Dinner
49,Andhra Pradesh,Tirupati,1.3,Without Alcohol,Minerva Grand Tirupati,19 3 39  Renigunta Road  Nr Rly Flyover Bridge  Tirupati,69,3 Star,65287,All meals
50,Andhra Pradesh,Vijayawada,4.6,Without Alcohol,HOTEL AJANTHA EVERGREEN,D  NO  29 13 15  KALESHWAR RAO STREET  NAKKAL ROAD,36,3 Star,49105,All meals
51,Andhra Pradesh,Vijayawada,3,Without Alcohol,Hotel Manorama A Unit of Welcome Poorna Enterprises Private Limited ,27 37 157 M G Road Governor Pet ,70,3 Star,71456,Breakfast
52,Andhra Pradesh,Vijayawada,5,Without Alcohol,HOTEL MIDCITY,A Unit of Sri Venkateswara Theatre  38 8 45  M G Road  Punnammathota  Opp All India Radio Station  ,44,3 Star,38276,All meals
53,Andhra Pradesh,Vijayawada,4,Without Alcohol,THE KAY HOTEL,48 12 4 1 GUNADALA VIJAYAWADA ,40,3 Star,53621,Dinner
54,Andhra Pradesh,Visakhapatnam,2.2,Without Alcohol,BEST WESTERN RAMACHANDRA,8 8 36 Main Road  Old Gajuwaka,64,3 Star,33927,Breakfast
55,Andhra Pradesh,Visakhapatnam,4.5,Without Alcohol,FAIRFIELD BY MARRIOTT,K S R DEVELOPERS PVT LTD  SURVEY NO 106 1B2 PART  WARD NO 39 MADHAVDHARA NEAR R B JUNCTION NH 5ROAD  VISAKHAPATNAM 530018,121,3 Star,58402,Lunch
56,Arunachal Pradesh,Itanagar,5,Without Alcohol,Cygnett Inn Trendz,Chandra Nagar  Nrae DC Capital Complex Itanagar,32,3 Star,62347,All meals
57,Arunachal Pradesh,Itanagar,2.2,Without Alcohol,Waii International Hotel,Mesueme Colony  Near State Meuseum  Itanagar Papum Pare District ,50,3 Star,36821,Dinner
58,Arunachal Pradesh,West Kameng,4.4,Without Alcohol,NORPHEL RETREAT DIRANG,Rungkhung Dirang  West Kameng District 790101 West Kameng,45,3 Star,74291,Breakfast
59,Assam,Dibrugarh,3.2,Without Alcohol,Hotel Rainbow ,T R Phukan Road  West chowkidinghee  Dibrugarh Dibrugarh,25,3 Star,55309,Lunch
60,Assam,Dibrugarh,2,Without Alcohol,PUSHKARA GARDEN,Natun Gaon  Dibrugarh,60,3 Star,47865,All meals
61,Assam,Guwahati,4.7,Without Alcohol,DICHANG RESORT,Sonapur  Pathorkuchi  N H 37,57,3 Star,66935,All meals
62,Assam,Guwahati,5,Without Alcohol,HOTEL CITYWALK INTERNATIONAL,B BAROOAH ROAD  ULUBARI  GUWAHATI,41,3 Star,69142,Lunch
63,Assam,Guwahati,2.4,Without Alcohol,Hotel Paramount Palacio,Opp Farm Gate  Above Poddar Car World  G S  Road  Khanapara  Guwahati Guwahati,25,3 Star,32891,Breakfast
64,Assam,Guwahati,3.1,Without Alcohol,Mayflower Hotel  A Unit of Mayflower Hotels and Resorts LLP ,MLN ROAD PANBAZAR Guwahati,36,3 Star,47543,Dinner
65,Assam,Guwahati,2.6,Without Alcohol,The Lily Hotel,G S  ROAD  SIX MILE   KHANAPARA  GUWAHATI,78,3 Star,54892,All meals
66,Assam,Jorhat,1.4,Without Alcohol,Gulmohar Grand  an Unit of Borthakur Developers ,Choladhara Road  Jorhat 785001  Assam,26,3 Star,34678,Dinner
67,Assam,Kokrajhar,4.9,Without Alcohol,HOTEL GAURANG VALLEY,J D  ROAD  TENGAPARA  WARD NO  5  KOKRAJHAR,62,3 Star,70928,Breakfast
68,Assam,Mangaldoi,1.9,Without Alcohol,Repose Highway Resort  A unit of Repose Highway Resort Private Limited ,Vill Boinaojha  Aulachowka  P O    P S  Magnaldoi  Discrict   Darrang Mangaldoi,20,3 Star,73481,All meals
69,Assam,Nagaon,2.9,Without Alcohol,HOTEL BLUE BIRD,MADHAB DEV ROAD  NORTH HAIBARGAON,22,3 Star,48302,Lunch
70,Bihar,Bodhgaya,3.7,Without Alcohol,Oaks Bodhgaya  A unit of Bodhi Hotel and Resorts Pvt  Ltd  ,Khata No  141  Plot No  80 and Khata No  778  Plot No  97  P S    Bodhgaya  Thana No  359  District   Gaya  Bihar Bodhgaya,78,3 Star,73795,Breakfast
71,Chhattisgarh,Bilaspur,3.5,Without Alcohol,COURTYARD BY MARRIOTT BILASPUR ,COURTYARD BY MARRIOTT BILASPUR City Mall 36  Mangla Chowk  Bilaspur     495001,100,3 Star,56418,All meals
72,Chhattisgarh,Bilaspur,3.1,Without Alcohol,Hotel Intercity International,Jagmal Chowk,39,3 Star,75000,Dinner
73,Chhattisgarh,Bilaspur,4.1,Without Alcohol,THE EMERALD,NEAR OLD BUS STAND TELEPHONE EXCHANGE ROAD ,22,3 Star,42967,Lunch
74,Chhattisgarh,Durg Bhilai Nagar,3.1,Without Alcohol,Hotel Ashish International,G E Road  Power House,17,3 Star,34529,Breakfast
75,Chhattisgarh,Durg Bhilai Nagar,4.6,Without Alcohol,Hotel Grand Dhillon,A 1 Nehru Parisar   Nehru Nagar Square GE Road Bhilai ,39,3 Star,52713,All meals
76,Chhattisgarh,Korba,2.972461752,Without Alcohol,hotel relax inn,korba champa road urga,42,3 Star,64820,Dinner
77,Chhattisgarh,Raigarh,2.972461752,Without Alcohol,Hotel Accordd Premier  ACCORDD Chain of Hotels ,Hotel Accordd Premier Jagatpur Dhimrapur Road Raigarh Raigarh,35,3 Star,61304,Lunch
78,Chhattisgarh,Raigarh,2.972461752,Without Alcohol,Hotel Ans International,Jagatpur   Dhimrapur Road  Raigarh  Chattisgarh Raigarh Raigarh,71,3 Star,46287,Breakfast
79,Chhattisgarh,Raipur ,2.972461752,Without Alcohol,GREENWOOD FOURSEASONS ,GREENWOOD FOURSEASONS  VIP ROAD  PURENA  ,15,3 Star,51209,All meals
80,Chhattisgarh,Raipur ,4,Without Alcohol,HOTEL GAGAN REGENCY,OPP  GATE NO  1  AIIMS  G  E  ROAD  TATIBANDH  RAIPUR  C G   PIN 492001 ,26,3 Star,70563,Lunch
81,Chhattisgarh,Raipur ,3,Without Alcohol,HOTEL IVY,PRIYADARSHINI NAGAR  NEAR PACHPEDI NAKA,38,3 Star,61092,Breakfast
82,Chhattisgarh,Raipur ,1.1,Without Alcohol,HOTEL KINGSWAY,RING ROAD NO  1 NEAR AIRTEL OFFICE TELIBANDHA RAIPUR ,30,3 Star,38745,All meals
83,Chhattisgarh,Raipur ,2.3,Without Alcohol,HOTEL SOLITAIRE   A UNIT OF R R S K ENTERPRISES ,BEHIND STATE BANK OF INDIA MAIN BRANCH ANAND TAKIES ROAD NEAR JAISTAMBH CHOWK RAIPUR  C G  ,48,3 Star,43926,Dinner
84,Chhattisgarh,Raipur ,2.4,Without Alcohol,HOTEL THE GOLDEN OAK,J B  MALL NEAR GURUNANAK CHOWK M  G  ROAD  RAIPUR,28,3 Star,50283,Breakfast
85,Chhattisgarh,Raipur ,4.7,Without Alcohol,RMV RESORT AND HOTELS PVT LTD,HOTEL VW CANYON  NEAR   AGRASEN DHAM  VIP ROAD   II  PHUNDAHAR  RAIPUR   492006  CHHATTISHGARH,111,3 Star,41690,Lunch
86,Chhattisgarh,Rajnandgaon,4.1,Without Alcohol,Hotel Awana,Near New Gurudwara  GE Road  Rajnandgoan Rajnandgaon,15,3 Star,63172,All meals
87,Delhi,New Delhi,1.3,Without Alcohol,HOTEL THE MANOR,77 FREINDS COLONY  W  NEW DELHI  110065,12,3 Star,37840,Dinner
88,Goa,Margao,3,Without Alcohol,Hotel Nanutel Margao,Padre Miranda Road,55,3 Star,66821,Breakfast
89,Goa,vasco da gama,5,Without Alcohol,Hotel La Paz Gardens  A unit of Hotel La Paz Gardens Pvt  Ltd  ,Swatantra Path  Vasco da Gama vasco da gama vasco da gama,73,3 Star,67439,All meals
90,Gujarat,Ahmedabad,4,Without Alcohol,Aarya Grand Hotels Resorts,Kargil Petrol Pump Lane  Near Gujarat High Court  Sarkhej   Gandhinagar Highway,105,3 Star,40512,Lunch
91,Gujarat,Ahmedabad,2.2,Without Alcohol,AJU IMPERIAL HOTEL  A UNIT OF AJU RYOKAN NCR PVT LTD  ,Survey No  414  Village Jalisana  Jalisana to Nayakpur Road Taluka  Mandal  Distt  Ahmedabad  Gujarat 382120,107,3 Star,54309,Breakfast
92,Gujarat,Ahmedabad,4.5,Without Alcohol,AVALON HOTEL AND BANQUETS,OPP MANGO GARDEN BUNGLOWS  NEAR SINDHU BHAVAN ROAD OFF S G  HIGHWAY BODAKDEV,46,3 Star,67918,All meals
93,Gujarat,Ahmedabad,5,Without Alcohol,Belvedere Club  A unit of BELVEDERE GOLF AND COUNTRY CLUB PVT LTD,ADANI SHANTIGRAM  S G HIGHWAY  NEAR VAISHNODEVI CIRCLE Ahmedabad,55,3 Star,60287,Dinner
94,Gujarat,Ahmedabad,2.2,Without Alcohol,Bloom Suites  A unit of Ms Rising Hotel Limited ,Surdhara Circle  Off Drive In Road  Thaltej  Ahmedabad Ahmedabad,68,3 Star,62850,Breakfast
95,Gujarat,Ahmedabad,4.4,Without Alcohol,Comfort Inn President  A unit of Sun N Silver Inn Pvt  Ltd ,OPP MUNICIPAL MARKET  OFF C G ROAD  NAVRANGPURA  AHMEDABAD Ahmedabad,57,3 Star,69730,Lunch
96,Gujarat,Ahmedabad,3.2,Without Alcohol,COMFORT INN SUNSET,AIRPORT CIRCLE HANSOL AHMEDABAD,57,3 Star,57182,All meals
97,Gujarat,Ahmedabad,2,Without Alcohol,HOTEL CENTRA,KHANPUR  AHMEDABAD 380001,37,3 Star,58392,Dinner
98,Gujarat,Ahmedabad,2.972461752,Without Alcohol,HOTEL NALANDA,MITHAKHALI SIX ROADS  NEAR LIONS HALL  ELLISBRIDGE  AHMEDABAD   380 006,43,3 Star,72418,All meals
99,Gujarat,Ahmedabad,1,Without Alcohol,Hotel Silvera Grand,Unit of Silvera Hotels  Dehgam Circle  S P Ring Road  Hanspura  Village Bilasiya,21,3 Star,69592,Breakfast
100,Gujarat,Ahmedabad,4.4,Without Alcohol,Palm Greens Club  Unit of Snesh Resorts Private Limited,NH No 8  Bareja   Kheda Highway  Village Goblaj  Near Bareja Ahmedabad,62,3 Star,32798,Lunch
101,Gujarat,Ahmedabad,3.4,Without Alcohol,Regenta Central Antarim ,A Unit of Antarim Hotel LLP  Between Girish Cold Drink   St Xaviers Corner  C G Road  Navrangpura Ahmedabad,73,3 Star,64291,All meals
102,Gujarat,Ahmedabad,1.6,Without Alcohol,Regenta Inn   Ranip,Arved Transcube Plaza  Opp Adi Jati Girls Hostel  132 Ft Ring Road  Ranip Ahmedabad,102,3 Star,59345,Breakfast
103,Gujarat,Ahmedabad,3.5,Without Alcohol,TGB EXPRESS HOTEL  A UNIT OF HOTEL PALMLAKE  KANKARIA  PVT  LTD ,TGB EXPRESS HOTEL  NR  JALDHARA WATER PARK  KANKARIA GATE 5  MANINAGAR Ahmedabad Ahmedabad Ahmedabad,33,3 Star,50938,Dinner
104,Gujarat,Anand,2.4,Without Alcohol,Humming Bird Hotel and Banquet,Behind Architect College  Near University Library  Iscon Temple Road  V V  Nagar  Anand,38,3 Star,73129,All meals
105,Gujarat,Anand,4,Without Alcohol,LA CASA INN ,UNIT OF SHREE A   A COMPANY,44,3 Star,70382,Lunch
106,Gujarat,Bharuch,3,Without Alcohol,Regenta Central Harimangla,Near ABC Cir  Old N H  8  Bholav  Bharuch  Gujarat 392015,104,3 Star,37892,Breakfast
107,Gujarat,Bharuch,1.1,Without Alcohol,Regenta Central Hestia Dahej,SURVEY NO 106  VILLAGE  BHENSALI  TALUKA  VAGRA ,69,3 Star,35829,All meals
108,Gujarat,Bharuch,2.3,Without Alcohol,VEDIK RESORT,SURVEY NO 45  OLPAD SAHOL ROAD  VILLAGE SAHOL  BHARUCH GUJARAT 394810,129,3 Star,69421,Dinner
109,Gujarat,Bhavnagar,2.4,Without Alcohol,Top3 Lords Resort  A unit of Tree Top Resorts Spa Pvt  Ltd  ,Plot No 1   2  Near BPCL Petrol Pump  Budhel     Vartej Cross Road   Bhavnagar   Gujarat  364002,39,3 Star,44512,Lunch
110,Gujarat,Bhavnagar,2.972461752,Without Alcohol,VIRGO SUMERU,PLOT NO  109 A BESIDE STERLING POINT WAGHAWADI ROAD Bhavnagar,33,3 Star,47923,All meals
111,Gujarat,Bhuj,4,Without Alcohol,HOTEL COMFORT INN PRINCE ,STATION ROAD Bhuj,44,3 Star,66123,Breakfast
112,Gujarat,Bhuj,3,Without Alcohol,HOTEL ILARK,Nr RAVI CINEMA STATION ROAD,29,3 Star,52317,All meals
113,Gujarat,Bhuj,1.1,Without Alcohol,HOTEL SEVEN SKY,SEVEN SKY ENTERTAINMENT PVT LTD  AIRPORT ROAD  BHUJ   KUTCHH  PIN 370001  GUJARAT,82,3 Star,41937,Breakfast
114,Gujarat,Bhuj,2.3,Without Alcohol,LaKamp Resort  Unit of Kashish Resort ,Survey No 116 1  Near Rudra Mata Temple  Village Saraspar  Taluka Bhuj  Dist  Kutch 370001  Bhuj Bhuj,29,3 Star,53629,Lunch
115,Gujarat,Bhuj,2.4,Without Alcohol,The Fern Residency Bhuj  A unit of Ms THE BESIL INN ,Bhuj Anjar Highway Near Tulsi Hotel Madhavpar Bhuj,46,3 Star,63715,Dinner
116,Gujarat,Dang,4.7,Without Alcohol,Sunotel,Sunotel Unit of Shriji Resort Hotels Pvt  Ltd  Opp Lake Garden  Nageshwar Mahadev Temple Road  Saputara,90,3 Star,34589,All meals
117,Gujarat,Dwarka,4.1,Without Alcohol,Bapu   s Resort  Unit of Bapu Enterprise ,S NO 389P1  NH 8E Village Vachhu  Dwarka  Dwarka Dwarka ,52,3 Star,45892,Breakfast
118,Gujarat,Jamnagar,1.3,Without Alcohol,Highway Hari,Jamnagar Dwarka Highway  Near Vasai Toll booth  Ravalsar Patiya  ,19,3 Star,75000,Dinner
119,Gujarat,Kutch,3,Without Alcohol,ambar sarovar portico,plot no 100 sector 8 near oslo circle Gandhidham Kutch Gujarat Pin 370201,58,3 Star,71942,All meals
120,Gujarat,Mahesana,5,Without Alcohol,HOTEL SHIVALIK,Nugar Bypass Highway Iskon Circle Opp Essar Petrol Pump  Nugar Mehsana,30,3 Star,48673,Lunch
121,Gujarat,Morabi,4,Without Alcohol,Sarovar Portico  Unit of Specific Ceramic Hotel,Iskon Tiles Zone  8 A National Highway  Rafaleshwar,59,3 Star,74295,Breakfast
122,Gujarat,Morbi,2.2,Without Alcohol,Khajoora Hotel n Resort,Rajkot   Morbi HIghway  Tankara,40,3 Star,70281,All meals
123,Gujarat,Morvi,4.5,Without Alcohol,DARIYALAL HOTEL ,Survey no  66 paiki 1  66 paiki 2 and 68 paiki 2  Village  Jambudiya  Taluka  Morbi  District  Morbi 363642,18,3 Star,72539,Dinner
124,Gujarat,Morvi,5,Without Alcohol,HOTEL THE GRAND VAIBHAV,LAKHDHIRPUR ROAD  N H  8A  MORBI   363642,35,3 Star,38764,All meals
125,Gujarat,Morvi,2.2,Without Alcohol,Lords Eco Inn unit of Hotel Seven Paradise,Pipli Jetpar Road  Seven Cera Mall  Village Bela  Morbi,40,3 Star,55238,Lunch
126,Gujarat,Morvi,4.4,Without Alcohol,OAK TREE,SURVEY NO 22 JAMBUDIYA N H NO 27 A MORBI 363641 ,52,3 Star,46289,Breakfast
127,Gujarat,Morvi,3.2,Without Alcohol,Regenta Inn Unit of Hotel The Grand Dharmendra,Near HDFC Bank opp  shakti Chamber 8 a Natioanl highway lalpar Road Morvi,54,3 Star,62134,All meals
128,Gujarat,Porbandar,2.4,Without Alcohol,LORDS ECO INN,Chowpati Road  Near Circuit House ,29,3 Star,74315,Dinner
129,Gujarat,Porbandar,3.1,Without Alcohol,Lords Eco Inn   A Unit of Delite Enterprise   ,Near Circuit House   Chopati Road   Porbandar ,29,3 Star,54312,Breakfast
130,Gujarat,Rajkot,2.6,Without Alcohol,AARYARAJ CLUB AND RESORTS,Opposite Gardi Vidyapith  Kallavad Road Chappra Rajkot 361162 Rajkot Rajkot,28,3 Star,65317,All meals
131,Gujarat,Rajkot,1.4,Without Alcohol,Hotel Comfort INN Legacy  Prop  S Kumar Associates Private Limited ,Limada Chowk  Near Lalbahadur Shastri Maidan  Panchnath Road ,37,3 Star,57293,Lunch
132,Gujarat,Rajkot,4.9,Without Alcohol,Hotel KK Beacon  A Unit of Hotel K K   India  Private Limited ,The KK Circle  Kalawad Main Road  Rajkot Rajkot Rajkot Rajkot,34,3 Star,72367,Breakfast
133,Gujarat,Rajkot,1.9,Without Alcohol,Krishna Park Resort  A unit of Messrs Hotel Krishna Park Nursary ,Krishna Park Circle  Gondal Road  Vavdi  Rajkot Rajkot,29,3 Star,39251,Dinner
134,Gujarat,Rajkot,2.9,Without Alcohol,marasa sarovar portico rajkot ,dr  rajendra prasad road  limda chowk  opposite shastri maidan rajkot ,68,3 Star,66821,All meals
135,Gujarat,Rajkot,3.7,Without Alcohol,Phoenix Hospitality,Kalawad Road  Ishwariya Road Corner  Rajkot   Gujarat,24,3 Star,41536,Lunch
136,Gujarat,Rajkot,3.5,Without Alcohol,REGENCY LAGOON RESORT,NYARI DAM ROAD  OFF  KALAWAD ROAD  RAJKOT,120,3 Star,62731,Breakfast
137,Gujarat,Rajkot,3.1,Without Alcohol,Regenta Central Rajkot  Unit of P P Developers ,Everest Park  Kalawad Road,92,3 Star,74678,Dinner
138,Gujarat,Sanand,4.1,Without Alcohol,Ginger Sanand,NH 8A  Mahalaxmi Industrial Estate  Village Iyava  Sanand Viramgam Highway  Ahead Essar petrol pump  Opp Hanuman Mandir  Sanand,104,3 Star,72491,All meals
139,Gujarat,Saurashtra,3.1,Without Alcohol,LORDS RESORT A UNIT OF SETU JOY PVT  LTD ,JOLLY ENJOY  R S  NO  64 P1 P2  NATIONAL HIGHWAY 8A  VILLAGE MAGHARIKHADA  TAL  CHOTILA  DIST  SURENDRANAGAR   363520,42,3 Star,69827,Lunch
140,Gujarat,Surat,4.6,Without Alcohol,SHILPI HILL RESORT,SAPUTARA  DIST DANG GUJARAT,68,3 Star,63294,Breakfast
141,Gujarat,Surat,1.1,Without Alcohol,The Amore Banquets,Near V R Mall  Next to BPCL Petrol Pump  Magdalla,17,3 Star,67894,Dinner
142,Gujarat,Talaja,2.3,Without Alcohol,The Postcard Gir Wildlife Sanctuary  A unit of The General s Retreat Gir ,KHATA NUMBER 75 SURVEY NUMBER 57 1A P8 VILLAGE SANGODARA  Talaja,15,3 Star,74129,All meals
143,Gujarat,Vadodara,2.4,Without Alcohol,The Fern  Akota Vadodara  A unit of Nand Hospitality Pvt  Ltd   ,PLOT NO 11  GOKHLE COLONY  BEHIND DINESH MILL  AKOTA Vadodara Vadodara Vadodara,72,3 Star,55728,Breakfast
144,Gujarat,Vadodara,1.1,Without Alcohol,COMFORT INN DONIL  MANISH EMPIRE ,OPP  RTO DARJIPURA  BS VANCHENTA KENDRA  NR  GOLDEN CHOKDI  NH 8 VADODARA 390022,79,3 Star,51892,All meals
145,Gujarat,Vadodara,2.3,Without Alcohol,Eastin Residences Vadodara,78 Sampatrao Colony  Off RC Dutt Road  Alkapuri,44,3 Star,73429,Dinner
146,Gujarat,Vadodara,2.4,Without Alcohol,HOTEL RAMADA ENCORE ,UNIT OF SRPL  SHRESHTH BHARAT BHAVAN  STATUE OF UNITY  KEVADIYA COLONY  NARMADA  NANDOD  GUJARAT  393151,52,3 Star,37129,Lunch
147,Gujarat,Vadodara,4.7,Without Alcohol,Kabir Hotel and Spa,Opp  F G I  Building  Sevasi Road  Vadodara ,57,3 Star,74732,Breakfast
148,Gujarat,Vadodara,4.1,Without Alcohol,Regenta Inn by Royal Orchid Hotels  unit of Cube Construction Engineering ltd ,Ved Transcube Plaza  opp  Railway Station  Near Central Bus Stand  Vadodara  ,58,3 Star,43928,All meals
149,Gujarat,Vadodara,1.3,Without Alcohol,Suncity LIfestyle,Gotri   Sherkhi Road,37,3 Star,33521,Dinner
150,Gujarat,Vapi,3,Without Alcohol,HOTEL SILVER LEAF VILLAGE,PLOT NO   340 P 1 N H  NO   56 VILLAGE   KAKADKOPAR   VAPI   DHARAMPUR ROAD   KAKADKOPAR ,17,3 Star,67921,Lunch
151,Gujarat,Viramgam,5,Without Alcohol,HOTEL MIDORI,PRATHAMA NR HONDA 2 WHEELER PLANT  VIRAMGAM BECHRAJI HIGHWAY  VITHLAPUR TALUKA MANDAL,38,3 Star,54276,Breakfast
152,Haryana,Ambala,4,Without Alcohol,MM CONTINENTAL HOTEL,NH 73  AMBALA  JAGADHARI HIGHWAY  MULLANA  AMBALA HARYANA,48,3 Star,48257,All meals
153,Haryana,Gurgaon,2.2,Without Alcohol,Country Inn   Suites By Carlson  A Unit of Tuberose Hotel ,Plot No 301 302  Sector   12  Old Delhi Road  Gurgaon   122001  Haryana  India,73,3 Star,36427,Breakfast
154,Haryana,Gurgaon,4.5,Without Alcohol,Fortune Park Orange  A unit Of Orange SPA Hotel and Resorts Pvt  Ltd,K M  Stone 67  NH 8  Sidhrawali,96,3 Star,65394,Dinner
155,Haryana,Gurgaon,5,Without Alcohol,IBIS GURGAON,ibis Gurgaon Golf Course Road Block 1 Sector 53 Gurgaon,214,3 Star,62937,All meals
156,Haryana,Gurgaon,2.2,Without Alcohol,Lemon Tree Hotel  Tarudhan Valley   Manesar  A unit of Coronet Hotel Services and Supplies Pvt  Ltd  ,Tarudhan Valley  Village Dadu  P O  Hasanpur  Tehsil Tauru  District Mewat Gurgaon,70,3 Star,73492,Lunch
157,Haryana,Gurgaon,4.4,Without Alcohol,Lemon Tree Hotel Tarudhan Valley,Lemon Tree Hotel  Tarudhan Valley  Village Dadu  Tehsil Tauru  Mewat  Gurugram Gurgaon,70,3 Star,45927,Breakfast
158,Haryana,Gurgaon,3.2,Without Alcohol,Skycity Hotels Private Limited,1 Old Judicial Complex  Jharsa Road  Sector 15 Gurgaon,55,3 Star,55286,Dinner
159,Haryana,Rewari,2,Without Alcohol,Aravali Resorts,76th Mile Stone  NH8  Dharuhera  District Rewari,29,3 Star,52913,All meals
160,Himachal Pradesh,Solan,2.4,Without Alcohol,Timber Trail Resort  Unit of Asia Resort Ltd  ,Parwanoo  Distt  Solan   Himachal Pradesh,28,3 Star,34295,Breakfast
161,Karnataka,Bangalore,3.1,Without Alcohol,Angsana Oasis Spa and Resort  A unit of Prestige Leisure Resorts Pvt  Ltd  ,ADDEVISHWANATHAPURA VILLAAGE MAIN DODDABALLAPURA ROAD RAJANUKUNTE BANGALORE 560064 Bangalore Bangalore,79,3 Star,75000,Dinner
162,Karnataka,Bangalore,2.6,Without Alcohol,Holiday Inn Express and Suites Bengaluru  OMR  Unit of Brigade Hotel Ventures Limited,Survey No  49  Huskur Village  Bidarahalli Hobli  Bengaluru East Taluk  ,237,3 Star,53812,Lunch
163,Kerala,Adoor,1.4,Without Alcohol,CENTRAL PARK HOTEL,OPP  RELIANCE FILLING STATION  K P ROAD   ADOOR  ,10,3 Star,65192,All meals
164,Kerala,Alappuzha,4.9,Without Alcohol,ALLEPPEY PRINCE HOTEL,A S ROAD NH 47 ALAPPUZHA KERALA STATE,43,3 Star,60238,Breakfast
165,Kerala,Alappuzha,1.9,Without Alcohol,Enkey s Residency,Pathirappally NH 66 Pathirappally PO ,10,3 Star,49732,Dinner
166,Kerala,Alappuzha,2.9,Without Alcohol,HOTEL INDRAPRASTHA,CHARUMMOODU PO  MAVELIKARA  ALAPPUZHA  KERALA ,10,3 Star,72821,All meals
167,Kerala,Alappuzha,3.7,Without Alcohol,HOTEL KALAI,HOTEL KALAI  KUTTITHERUVU JN  Kayamkulam  Alappuzha,15,3 Star,40219,Lunch
168,Kerala,Alappuzha,3.5,Without Alcohol,HOTEL KARTHIYAYINI,HOTEL KARTHIYAYINI  OTTAPPUNNA JUNCTION  CHERTHALA PO  ALAPPUZHA 688524,12,3 Star,73421,Breakfast
169,Kerala,Alappuzha,3.1,Without Alcohol,JEENA RESIDENCY,OPP KSRTC BUS STATION  HARIPAD  ALAPPUZHA DISTRICT,10,3 Star,71238,All meals
170,Kerala,Alappuzha,4.1,Without Alcohol,Magnet Hotels,V C S B Road Near KSRTC Bus stand Alleppey,12,3 Star,71529,Dinner
171,Kerala,Alappuzha,3.1,Without Alcohol,THE ROYALE PLAZA,THE ROYALE PLAZA  NEAR RAILWAY OVER BRIDGE  K P ROAD  KAYAMKULAM  ,24,3 Star,70831,Breakfast
172,Kerala,Angamaly,4.6,Without Alcohol,HOTEL BLUE BELLS  a Unit of EDASSERY MOTELS AND VILLAS  ,HOTEL BLUE BELLS  ANGADIKADAVU ROAD  ANGAMALY P O  ERNAKULAM DISTRICT  KERALA 683572,14,3 Star,69473,All meals
173,Kerala,Angamaly,1.1,Without Alcohol,HOTEL HILLS PARK  MATHA ENTERPRISES ,NEAR KSRTC BUS STAND  ANGAMALY  ERNAKULAM ,17,3 Star,38726,Lunch
174,Kerala,Angamaly,2.3,Without Alcohol,HOTEL MAXX INN,KARUKUTTY  ERNAKULAM,10,3 Star,74283,Breakfast
175,Kerala,Angamaly,2.4,Without Alcohol,The Hotel Chettungal,Aluva Road  Angamaly,10,3 Star,44783,Dinner
176,Kerala,Angamaly,4.7,Without Alcohol,Vrindavan Retreat,Bldg No IV 38 Madhurapuram Mekkad Vattaparambu Road Mekkad  Post  Athani Ernakulam Dist   ,10,3 Star,61382,All meals
177,Kerala,Attingal,4.1,Without Alcohol,DEV RESIDENCY,MOONUMUKKU ATTINGAL P O  ATTINGAL THIRUVANANTHAPURAM,11,3 Star,63127,Breakfast
178,Kerala,Calicut,1.3,Without Alcohol,Hill Side ,Near NIT  Kariyakulangara   Mukkam Calicut  Kerala ,11,3 Star,62987,Lunch
179,Kerala,Calicut,5,Without Alcohol,Hotel Maharani  A unit of Hotel Maharani Pvt  Ltd  ,Taluk Road  Puthiyara P O  Kozhikode Calicut,43,3 Star,48732,Dinner
180,Kerala,Calicut,4,Without Alcohol,Hotel Surya,Paithoth Road  Perambra  Kozhikode,15,3 Star,46512,All meals
181,Kerala,Calicut,2.2,Without Alcohol,Mavoor Regency,Poovattuparamba P O  Kozhikode,10,3 Star,47629,Breakfast
182,Kerala,Calicut,4.5,Without Alcohol,Park Residency,G H Road  Calicut,20,3 Star,64482,All meals
183,Kerala,Calicut,5,Without Alcohol,Park Residency   Kuttiyadi  A unit of Flair Hotels and Resorts Pvt  Ltd,ADUKKATH PO  KUTTIYADI  CALICUT  Calicut,16,3 Star,68571,Dinner
184,Kerala,Calicut,2.2,Without Alcohol,Prinz Residency,Near Chengottukavu Bridge  P O Melur  Koyilandy,17,3 Star,53478,Lunch
185,Kerala,Calicut,4.4,Without Alcohol,The North Park,N H Bye Pass  Nut Street  Vatakara  Calicut Dist Calicut Calicut,18,3 Star,69238,Breakfast
186,Kerala,Chalakudy,3.2,Without Alcohol,Hotel Harshavardhana Inn,Opposite Apollo Tyres  N H 47  Potta  Post   Chalakudy ,15,3 Star,72129,All meals
187,Kerala,Chalakudy,2,Without Alcohol,Hotel Rachana Continental  A unit of Hotel Rachana Continental Pvt Ltd  ,KSRTC Road  Chalakudy  Thrissur Chalakudy,14,3 Star,43628,Lunch
188,Kerala,Changanassery,2.972461752,Without Alcohol,Hotel Panchavady,Near KSRTC  Kavala  Changanacherry  Kottayam,12,3 Star,49374,Breakfast
189,Kerala,Changanassery,2.972461752,Without Alcohol,Hotel Breezeland  A unit of Breezeland Hotels Ltd ,By Pass Junction  M C Road  Vazhappally  Changanacherry  Changanassery,18,3 Star,58327,Dinner
190,Kerala,Changanassery,2.972461752,Without Alcohol,HOTEL VANI,CENTRAL JUNCTION  KAVALA CHANGANASSERY,16,3 Star,52943,All meals
191,Kerala,Chengannur,1,Without Alcohol,NAVARATNA TOURIST HOME,M C Road   Chengannur   Alappuzha  Dist ,10,3 Star,39217,Breakfast
192,Kerala,CHERAI,4.4,Without Alcohol,Cherai beach resorts,Cherai po  vypin island Ernakulam district  Kerala State 683513 CHERAI CHERAI,25,3 Star,73832,Dinner
193,Kerala,Cherthala,3.4,Without Alcohol,Hotel Aroor Residency ,NH 66 Aroor Alappuzha  Kerala,17,3 Star,74592,All meals
194,Kerala,Cherthala,1.6,Without Alcohol,Hotel Envees,Hotel Envees   Eramalloor  Cherthala,10,3 Star,36892,Lunch
195,Kerala,Cherthala,3.5,Without Alcohol,Keerthi Palace Restaurant,Ponnamvely Pattanakkad P O Cherthala Cherthala,10,3 Star,55832,Breakfast
196,Kerala,Ernakulam,2.4,Without Alcohol,Amruthu Residency,M C Road  Koothattukulam  Ernakulam,13,3 Star,63482,Dinner
197,Kerala,Ernakulam,4,Without Alcohol,Arpitha Tourist Home,Nayarambalam Ernakulam,10,3 Star,54192,All meals
198,Kerala,Ernakulam,3,Without Alcohol,Aruna Tourist Home,A M Road  Perumbavoor  Ernakulam,10,3 Star,67318,Breakfast
199,Kerala,Ernakulam,1.1,Without Alcohol,ARYA INTERNATIONAL,NELLAD  ERNAKULAM Ernakulam,15,3 Star,72931,Lunch
200,Kerala,Ernakulam,2.3,Without Alcohol,ATSWILLINGDON HOTEL,ATS WILLINGDON HOTEL   A BRANCH OF P K MOHAMMED PRIVATE LIMITED  WILLINGDON ISLAND  KOCHI 682029 Ernakulam,19,3 Star,65892,All meals
201,Kerala,Ernakulam,2.4,Without Alcohol,Cochin Seaport Hotel,Thekkanmalipuram  Azheekkal P O  Vypeen Ernakulam 682510,25,3 Star,70394,Dinner
202,Kerala,Ernakulam,1,Without Alcohol,Diana Tourist Home,Koothattukulam  Ernakulam Dist ,10,3 Star,68427,Breakfast
203,Kerala,Ernakulam,4.4,Without Alcohol,ELOOR TOURIST HOME,KUTTIKATTUKARA P O  UDYOGAMANDAL  ERNAKULAM DISTRICT,15,3 Star,64931,All meals
204,Kerala,Ernakulam,3.4,Without Alcohol,Gopika Regency,NH17  Chirakkakam  Varapuzha  Cochin,20,3 Star,67192,Lunch
205,Kerala,Ernakulam,1.6,Without Alcohol,HAMILTON RESIDENCY  A UNIT OF HOTEL HAMILTON RESIDENCY PVT LTD ,HAMILTON RESIDENCY  A UNIT OF HOTEL HAMILTON RESIDENCY PVT LTD   KURUPPAMPADY  PERUMBAVUR  ERNAKULAM,10,3 Star,61827,Breakfast
206,Kerala,Ernakulam,3.5,Without Alcohol,Hotel Amruthu,Thoppumpady  Ernakulam District ,10,3 Star,46783,Dinner
207,Kerala,Ernakulam,2.4,Without Alcohol,Hotel Chandni Park  Hind Resorts and Services Pvt Ltd  ,South Kalamassery  Ernakulam,11,3 Star,50812,All meals
208,Kerala,Ernakulam,4,Without Alcohol,HOTEL EDASSERY MANSION,HOTEL EDASSERY MANSION  KATHRIKADAVU  KALOOR P O  ERNAKULAM 682017  KERALA,32,3 Star,70572,Breakfast
209,Kerala,Ernakulam,3,Without Alcohol,Hotel Elegance  A unit of Perumbavoor Hotels and Resorts Pvt  Ltd  ,M C  ROAD  PULLUVAZHI P O  PERUMBAVOOR  ERNAKULAM  PIN 683541,12,3 Star,61284,Lunch
210,Kerala,Ernakulam,1.1,Without Alcohol,Hotel Geo,Thoppumpady  Kochi,10,3 Star,47839,Dinner
211,Kerala,Ernakulam,2.3,Without Alcohol,HOTEL GREEN PALACE,PAMPAKUDA P O  MUVATTUPUZHA ERNAKULAM,11,3 Star,58971,All meals
212,Kerala,Ernakulam,2.4,Without Alcohol,Hotel Hill Palace  South Asia Hotels Ltd ,Refinery Road  Irumpanam Junction  Thripunithura,32,3 Star,42736,Breakfast
213,Kerala,Ernakulam,2.4,Without Alcohol,Hotel Kadambari Regency  A unit of Hotel Kadambari Regency Private Limited,BLDG  NO  XVII  264 275   M C ROAD  MAROTTICHODI  MATTOOR P O  KALADY  ERNAKULAM DISTRICT Ernakulam,11,3 Star,51731,Dinner
214,Kerala,Ernakulam,3.1,Without Alcohol,HOTEL KEERTHY,HOTEL KEERTHY  M C  ROAD  KOOTHATTUKULAM P O  ERNAKULAM DISTRICT  KERALA,10,3 Star,71428,All meals
215,Kerala,Ernakulam,2.6,Without Alcohol,HOTEL KOTTARAM ,Murikkumpadom  Vypeen   Cochin ,11,3 Star,71312,Lunch
216,Kerala,Ernakulam,1.4,Without Alcohol,HOTEL NAYANA,A UNIT OF HOTEL NAYANA PRIVATE LIMITED   P M ROAD  VAZHAKULAM P O  MUVATTUPUZHA  ERNAKULAM DISTRICT,10,3 Star,73819,Breakfast
217,Kerala,Ernakulam,4.9,Without Alcohol,Hotel Olive Eva,Opp Info Park Smart City Kakkanad Ernakulam,44,3 Star,53894,Dinner
218,Kerala,Ernakulam,1.9,Without Alcohol,HOTEL PALACE INN,A UNIT OF PLANET GROUP   BEHIND KSRTC BUS STAND  T B JUNCTION  ANGAMALY  ERNAKULAM DISTRICT,12,3 Star,62549,All meals
219,Kerala,Ernakulam,2.9,Without Alcohol,Hotel Panoramic,Parappuram P O Kanjoor Ernakulam,10,3 Star,72895,Lunch
220,Kerala,Ernakulam,3.7,Without Alcohol,Hotel Saj International,Medical College Jn Kolenchery  Post,14,3 Star,52821,Breakfast
221,Kerala,Ernakulam,3.5,Without Alcohol,HOTEL SEA GATE,SEA GATE PATHADIPALAM SOUTH KALAMASSERY COCHIN  KERALA ,10,3 Star,66421,Dinner
222,Kerala,Ernakulam,3.1,Without Alcohol,Hotel Zodiac,Market Junction  Tripunithura  Ernakulam,10,3 Star,64283,All meals
223,Kerala,Ernakulam,4.1,Without Alcohol,Jawahar Tourist Home,A M Road  Kothamangalam  Ernakulam,11,3 Star,75000,Breakfast
224,Kerala,Ernakulam,3.1,Without Alcohol,KATHRIKADAVU TOURIST HOME  HOTEL SEA PEARL  ,KUTTAPPAI ROAD  NEAR SARITHA THEATRE  ERNAKULAM DT  ERNAKULAM  KERALA 682031,10,3 Star,48362,Lunch
225,Kerala,Ernakulam,4.6,Without Alcohol,KIZHAKKAMBALAM TOURIST HOME,KIZHAKKAMBALAM TOURIST HOME  KIZHAKKAMBALAM  ERNAKULAM DISTRICT  KERALA 683562,15,3 Star,59821,All meals
226,Kerala,Ernakulam,4,Without Alcohol,LOVEDONS GARDEN,KOLENCHERY P O  ERNAKULAM,10,3 Star,64317,Dinner
227,Kerala,Ernakulam,2.2,Without Alcohol,MAHARANI HOLIDAY HOME,A UNIT OF MAHARANI HOLIDAY HOMES  P  LTD   PIRAVOM P O  ERNAKULAM DISTRICT,10,3 Star,45937,Breakfast
228,Kerala,Ernakulam,4.5,Without Alcohol,Maria International,Kothamangalam P O  Ernakulam,17,3 Star,56291,All meals
229,Kerala,Ernakulam,5,Without Alcohol,Niko Hotels  A Unit of Hikari Hotels Pvt  Ltd  ,K P Vallon Road Kadavanthra Cochin Kerala 682020 Ernakulam,27,3 Star,49362,Lunch
230,Kerala,Ernakulam,2.2,Without Alcohol,Park Central  A unit of Hotel Siena Central Private Limited ,36   1856   A  Kaloor   Kadavanthra Road  Kaloor   682017  Kerala,17,3 Star,73831,Breakfast
231,Kerala,Ernakulam,4.4,Without Alcohol,Park Residency,Girinagar Link Road  Kadavanthra Cochin  Kerala ,15,3 Star,74572,Dinner
232,Kerala,Ernakulam,3.2,Without Alcohol,Polakulath Regency ,Jewel Junction  M G Road  Ernakulam  Cochin ,10,3 Star,71892,All meals
233,Kerala,Ernakulam,2,Without Alcohol,POLAKULATH TOURIST HOME,POLAKULATH TOURIST HOME MULANTHURUTHY ERNAKULAM 682314 Ernakulam,12,3 Star,69127,Breakfast
234,Kerala,Ernakulam,2.972461752,Without Alcohol,Polakulath Tourist Home ,Polakulath Tourist Home  S N Jn   Palarivattom Cochin ,14,3 Star,63729,Lunch
235,Kerala,Ernakulam,4,Without Alcohol,Prayana Hotels,Near E S I Hospital Opposite North Railway Station Ernakulam,24,3 Star,68582,Dinner
236,Kerala,Ernakulam,3,Without Alcohol,Rock Rose Tourist Home  A unit of Rock Rose Tourist Home  P  Ltd ,NH Byepass  Palarivattom  Puthiya Road  Kochi  Kerala Ernakulam,11,3 Star,44832,All meals
237,Kerala,Ernakulam,1.1,Without Alcohol,Rose Residency,NH 49  Cochin Madura Road  Near Block Jn  Kolenchery,36,3 Star,61983,Breakfast
238,Kerala,Ernakulam,2.3,Without Alcohol,SONIA TOURIST HOME,M C ROAD  KOOTHATTUKULAM Ernakulam,14,3 Star,75000,Dinner
239,Kerala,Ernakulam,2.4,Without Alcohol,Sreevalsam Residency,Mattoor  M C Road  Kalady  Ernakulam Ernakulam Ernakulam,10,3 Star,70923,All meals
240,Kerala,Ernakulam,4.7,Without Alcohol,XL HOTEL,A K SAnthosh  Propriter  XL hotel  Rose street  Fort kochi  682001,10,3 Star,58194,Lunch
241,Kerala,Ettumanoor,4.1,Without Alcohol,Hotel Sreelakshmi Park,Pala Road Ayarkunnam Kottayam ,11,3 Star,66921,Breakfast
242,Kerala,Guruvayoor,2.4,Without Alcohol,Hotel Amaravathi ,Near Bus Stand  Chavakkad  Thrissur Guruvayoor,10,3 Star,59382,All meals
243,Kerala,Idukki,3.1,Without Alcohol,AMBADY TOURIST HOME,AMBADY TOURIST HOME  MUVATTUPUZHA ROAD  THODUPUZHA,10,3 Star,65418,Lunch
244,Kerala,Idukki,2.6,Without Alcohol,CHANDANA TOURIST HOME,UDUMALPET ROAD  MARAYUR P O   IDUKKI DIST ,25,3 Star,53293,Breakfast
245,Kerala,Idukki,1.4,Without Alcohol,DHANYA TOURIST HOME ,Kallarkutty Road  Adimaly  Idukki District  Kerala State     685561 Idukki ,16,3 Star,45839,Dinner
246,Kerala,Idukki,4.9,Without Alcohol,HOTEL GREEN OASIS,A UNIT OF GREEN OASIS REGENCY HOTEL PRIVATE LIMITED   NEAR TELEPHONE EXCHANGE  MUTTOM  THODUPUZHA  IDUKKI DISTRICT,18,3 Star,49172,All meals
247,Kerala,Idukki,1.9,Without Alcohol,Hotel Victoria International,Orappankal Building  Central Junction  Kattappana ,10,3 Star,68129,Breakfast
248,Kerala,IRITTY,2.9,Without Alcohol,HOTEL SURYA,Near Iritty Bridge  Iritty  Post  Kannur  Dist Kerala,11,3 Star,46927,Lunch
249,Kerala,IRITTY,3.7,Without Alcohol,K K TOURIST HOME,IRITTY  KANNUR DIST,20,3 Star,60372,Dinner
250,Kerala,IRITTY,3.5,Without Alcohol,Sky Paradise,Vallithode  Kiliyanthara  P O   Iritty ,16,3 Star,73419,All meals
251,Kerala,KALADY,3.1,Without Alcohol,EDASSERY VILLAGE RESORT,EDASSERY VILLAGE RESORT  CHENGAL  KALADY  ERNAKULAM DISTRICT 683574  KERALA,10,3 Star,47529,Breakfast
252,Kerala,Kalpetta,4.1,Without Alcohol,Chembra Residency  A unit of jilsu associates LLP ,Vellaramkunnu Kalpetta  P O ,10,3 Star,62831,Dinner
253,Kerala,Kanhangad,3.1,Without Alcohol,MALANADU TOURIST HOME ,North Kottacherry  Kanhangad  Kasaragod  ,14,3 Star,71823,Lunch
254,Kerala,Kanhangad,4.6,Without Alcohol,NEELESHWAR HERMITAGE,OZHINHAVALAPPU P O   NILESHWAR VIA  KASARAGOD DIST ,18,3 Star,74283,Breakfast
255,Kerala,Kannur,2.4,Without Alcohol,Geetha Residency,post chirakkal  puthiyatheru  Kannur Dist ,10,3 Star,68521,All meals
256,Kerala,Kannur,4,Without Alcohol,Broad Bean   A Unit Of KK Leisures and Tourism International Pvt  Ltd  ,Chakkarakkal  Mowenchery P O  Kannur Taluk  Kannur Dist ,15,3 Star,66428,Lunch
257,Kerala,Kannur,3,Without Alcohol,Hotel Parassini Polariz,Near Snake Park  Kolmotta  p o   Parassinikkadavu   Kannur,36,3 Star,63972,Dinner
258,Kerala,Kannur,1.1,Without Alcohol,Hotel Samudra,Post Sreekandapuram  Kannur Dist   Kerala,11,3 Star,51273,Breakfast
259,Kerala,Kannur,2.3,Without Alcohol,HOTEL SKY PARK,IRITTY ROAD  MATTANUR  KANNUR,19,3 Star,54639,All meals
260,Kerala,Kannur,2.4,Without Alcohol,LA SERENE HOTEL,A UNIT OF INFINITY BUSINESS GROUP  NEAR VETERINARY HOSPITAL  MATTANUR P O  KANNUR 670702,14,3 Star,45923,Lunch
261,Kerala,Kannur,2.4,Without Alcohol,Lyndas Residency,Alakkandy Arcade  T C Road  Kuthuparamba  Kannur Kannur,12,3 Star,68421,Dinner
262,Kerala,Kannur,3.1,Without Alcohol,Rajadhani,Peravoor   Kannur Kannur,10,3 Star,35154,All meals
263,Kerala,Kannur,2.6,Without Alcohol,SNEHA INN,BAKKALAM  KANOOL P O  KANNUR,14,3 Star,49327,Breakfast
264,Kerala,Karunagapally,1.4,Without Alcohol,Hotel Comfort Regency,Hotel Comfort Regency NH 66 47  Karunagapally Kollam Dist Kerala,11,3 Star,74629,Lunch
265,Kerala,Karunagapally,4.9,Without Alcohol,HOTEL INDRAPRASTHA,NH 66 KARUNAGAPPALLY P O  KARUNAGAPPALLY KOLLAM,21,3 Star,67539,Dinner
266,Kerala,Kasaragod,1.9,Without Alcohol,J K  Residency Kasaragod,Beach Road Kasaragod Kasaragod,10,3 Star,67539,All meals
267,Kerala,KASARGOD,2.9,Without Alcohol,HOTEL BEKAL PALACE,PALAKUNNU BEKAL P O,20,3 Star,52317,Breakfast
268,Kerala,KASARGOD,3.7,Without Alcohol,HOTEL LANDMARK,HOTEL LANDMARK  ALAMIPPALLY P O   KANHANGAD  KASARGOD DIST KASARGOD,12,3 Star,70931,Dinner
269,Kerala,Kayamkulam,3.5,Without Alcohol,HIGHWAY PALACE  A LEASED PROPERTY FROM HOTEL HIGHWAY PARK ,HIGHWAY PALACE  A LEASED PROPERTY FROM HOTEL HIGHWAY PARK   KAYAMKULAM,11,3 Star,71892,Lunch
270,Kerala,Kayamkulam,3.1,Without Alcohol,HOTEL ROMA CENTRAL ,HOTEL ROMA CENTRAL  A UNIT OF HOTEL JN PRIVATE LIMITED  2ND MILE  KOPRAPURA  PULLIKKANAKKU P O  KAYAMKULAM Kayamkulam ,10,3 Star,69127,All meals
271,Kerala,Kochi,4.1,Without Alcohol,Arakkathara tourist home,Arakkathara tourist home  Nambiyapuram Road  Palluruthy  Kochi 682006,10,3 Star,63729,Breakfast
272,Kerala,Kochi,3.1,Without Alcohol,GINO TOURIST HOME,KAKKANAD  KOCHI,10,3 Star,68582,Dinner
273,Kerala,Kochi,4.6,Without Alcohol,KALAMASSERY TOURIST HOME,KALAMASSERY TOURIST HOME  OPP APPOLO TYRES  KALAMASSERY NORTH P O  KALAMASSERY  ERNAKULAM DISTRICT  KERALA 683104,19,3 Star,44832,All meals
274,Kerala,Kochi,5,Without Alcohol,The Cochin Legacy  Labella Hospitality Pvt  Ltd  ,Near Nairs Hospital  NH 47 Bye Pass  Maradu P O Ernakulam Dt  Kerala ,25,3 Star,61983,Lunch
275,Kerala,Kochi,2.2,Without Alcohol,THE INTERNATIONAL HOTEL,PB NO 3563  VEEKSHANAM ROAD  M G ROAD  ERNAKULAM,35,3 Star,75000,Breakfast
276,Kerala,Kodungallur,4.4,Without Alcohol,Aswathy Bar and Hotel,South Nada  Kodungallur  Thrissur Kodungallur,10,3 Star,70923,Dinner
277,Kerala,Kodungallur,3.2,Without Alcohol,Hotel Palace EN Paradise,Opposite KSRTC Bus Stand Sringapuram  Methala   Post Kodungallur  Thrissur  District  Kerala,10,3 Star,58194,All meals
278,Kerala,Kodungallur,2,Without Alcohol,KALLADA RESIDENCY,SANTHIPURAM KODUNGALLUR THRISSUR DIST KERALA STATE,10,3 Star,66921,Breakfast
279,Kerala,Kodungallur,2.972461752,Without Alcohol,Polakulath Tourist Home  Pullut ,Polakulath Tourist Home Pullut   Narayanamangalam  THRISSUR  Dis    PIN    680663,10,3 Star,59382,Lunch
280,Kerala,Kollam,2.972461752,Without Alcohol,HIGHLAND HOTEL AND RESORTS,HIGHLAND HOTEL AND RESORTS  OPP VAIDHYUTHI BHAVAN  NH 744  KOTTARAKARA PO  KOLLAM KERALALA  PIN 691506,22,3 Star,65418,Dinner
281,Kerala,Kollam,1,Without Alcohol,HOTEL ANTONY S TOWER,PATHANAPURAM  KOLLAM DIST,11,3 Star,53293,All meals
282,Kerala,Kollam,4.4,Without Alcohol,HOTEL DE ORIENT,Vadayattukotta Road  Near Head Post Office  Chinnakkada  Kollam ,10,3 Star,45839,Breakfast
283,Kerala,Kollam,3.4,Without Alcohol,HOTEL DONA CASTLE   a unit of Edassery Group of Hotels Pvt Ltd  ,HOTEL DONA CASTLE   a unit of Edassery Group of Hotels Pvt Ltd    LAKSHMINADA  KOTTAMUKKU  KOLLAM,17,3 Star,49172,Dinner
284,Kerala,Kollam,1.6,Without Alcohol,Hotel Emerald Palace,Kannanalloor  Kollam,10,3 Star,68129,Lunch
285,Kerala,Kollam,3.5,Without Alcohol,HOTEL HARISREE,MOONAMKUTTY KILIKOLLOOR P O  KOLLAM,12,3 Star,46927,All meals
286,Kerala,Kollam,2.4,Without Alcohol,Hotel Lake View ,Thoppilkadavu  Thirumullavaram P O  Kollam Kollam Kollam,10,3 Star,60372,Breakfast
287,Kerala,Kollam,4,Without Alcohol,HOTEL PALAZHI,KALLUMKADAVU  PATHANAPURAM  KOLLAM DISTRICT,11,3 Star,73419,Lunch
288,Kerala,Kollam,3,Without Alcohol,Hotel Railview,Hotel Railview Opp  Kollam Junction Railway Station Chinnakkada  Kollam  691001  Kerala ,18,3 Star,47529,Dinner
289,Kerala,Kollam,1.1,Without Alcohol,Hotel Sea Palace,Kochupilamood Kollam ,20,3 Star,62831,All meals
290,Kerala,Kollam,2.3,Without Alcohol,Hotel Shilpa Retreat,Ayur Kollam,10,3 Star,71823,Breakfast
291,Kerala,Kollam,2.4,Without Alcohol,HOTEL SOORYA,KANNANALLOOR ROAD  KOTTIYAM P O  ,10,3 Star,74283,Dinner
292,Kerala,Kollam,4.9,Without Alcohol,HOTEL VIJAYA CASTLE,A unit of V  Narayana Pillai and Company  Mannannamukku  Manakara  Sasthamkotta P O  Kollam District  Kerala State  Pin     690 521 ,21,3 Star,68521,Lunch
293,Kerala,Kollam,1.4,Without Alcohol,Hotel Vijaya Palace,THATTASSERY  CHAVARA  KOLLAM,14,3 Star,66428,All meals
294,Kerala,Kollam,3.4,Without Alcohol,Mangalath Hotel and Resorts,Chadayamangalam  Kollam,15,3 Star,63972,Breakfast
295,Kerala,Kollam,4,Without Alcohol,MARIYALAYAM MUNROE ISLAND RESIDENCY,PATTAMTHURUTHU P O  MUNROETHURUTHU  KOLLAM,12,3 Star,51273,Lunch
296,Kerala,Kollam,3,Without Alcohol,ROYALE REGENCY HOTEL AND CONVENTION CENTER,NH 66 47  OACHIRA KOLLAM DISTRICT,29,3 Star,54639,Dinner
297,Kerala,Kollam,5,Without Alcohol,San Tourist Home ,Kavanadu P O   Kollam ,11,3 Star,45923,All meals
298,Kerala,Kollam,4,Without Alcohol,SREE GOKULAM RESIDENCY   A UNIT OF SREE GOKULAM HOTEL  INDIA  PVT LTD ,SREE GOKULAM RESIDENCY   A UNIT OF SREE GOKULAM HOTEL  INDIA  PVT LTD   ADAYARA  OYOOR  KOLLAM,11,3 Star,45846,Breakfast
299,Kerala,Kollam,2.2,Without Alcohol,THE ESQUIRE PARK,IVARKALA WEST NORTH  PUTHENAMBALAM  P O  KUNNATHUR  KOLLAM ,12,3 Star,31587,Dinner
300,Kerala,Kollam,4.5,Without Alcohol,Vijaya Hotel and Bar,Pada South  Karunagappally  Kollam,10,3 Star,85563,Lunch
301,Kerala,Kottayam,5,Without Alcohol,Finch Hotels  A unit of Ms Finch Hotels and Traders Pvt Ltd ,Vadakkekara Erattupetta Kottayam,19,3 Star,41581,All meals
302,Kerala,Kottayam,2.2,Without Alcohol,HOTEL AIDA,AIDA Jn  M C Road  Kottayam  Kerala,33,3 Star,71547,Breakfast
303,Kerala,Kottayam,4.4,Without Alcohol,Hotel Alaina,Central Junction Karukachal Kottayam,10,3 Star,73821,Lunch
304,Kerala,Kottayam,3.2,Without Alcohol,Hotel Anjali Park,K K Road  Kottayam ,19,3 Star,68821,Dinner
305,Kerala,Kottayam,2,Without Alcohol,HOTEL ARCADIA,T B ROAD OPPOSITE KSRTC BUS STATION KOTTAYAM,47,3 Star,71823,All meals
306,Kerala,Kottayam,1,Without Alcohol,Hotel Armani,Galaxy Junction  Mundakayam  Kerala 686513,10,3 Star,69832,Breakfast
307,Kerala,Kottayam,4.4,Without Alcohol,HOTEL BREEZE INTERNATIONAL ,NEAR NO  1 PVT  BUS STAND  KAVALA  CHANGANACHERRY  KOTTAYAM DISTRICT ,10,3 Star,70932,Dinner
308,Kerala,Kottayam,3.4,Without Alcohol,HOTEL CASTLE RESIDENCY,PERUVA P O,11,3 Star,67823,Lunch
309,Kerala,Kottayam,1.6,Without Alcohol,HOTEL MEDAS,A UNIT OF KAY KAY ENTERPRISES  PONKUNNAM  KOTTAYAM DISTRICT   686506,11,3 Star,72932,All meals
310,Kerala,Kottayam,3.5,Without Alcohol,HOTEL NITHYA,GANDHINAGAR  KOTTAYAM DISTRICT,11,3 Star,69821,Breakfast
311,Kerala,Kottayam,2.4,Without Alcohol,Hotel Pankaj ,Vaikom Road  Thalayolaparambu P O  Kottayam ,10,3 Star,71832,Dinner
312,Kerala,Kottayam,4,Without Alcohol,HOTEL PRESIDENCY,KAVALA  CHANGANACHERRY  KOTTAYAM DISTRICT,10,3 Star,68823,Lunch
313,Kerala,Kottayam,3,Without Alcohol,HOTEL PRINCE  ,K K ROAD  KANJIKUZHY  KOTTAYAM,10,3 Star,76683,All meals
314,Kerala,Kottayam,1.1,Without Alcohol,HOTEL SUMMERSAND RESTAURANT,VELLOORE P O  PAMPADY  KOTTAYAM Kottayam,11,3 Star,82142,Breakfast
315,Kerala,Kottayam,2.3,Without Alcohol,HOTEL VARSHA INTERNATIONAL RESIDENCY,A UNIT OF ROYALGOLF HOTELS INDIA PRIVATE LIMITED  MANJOOR P O  KURUPPANTHARA  KOTTAYAM ,15,3 Star,83675,Lunch
316,Kerala,Kottayam,2.4,Without Alcohol,Hotel Zodiac International,Kaduthuruthy  Kottayam,10,3 Star,87729,Dinner
317,Kerala,Kottayam,4,Without Alcohol,JOYEES RESIDENCY,YMCA ROAD  KOTTAYAM Kottayam,12,3 Star,95672,All meals
318,Kerala,Kottayam,3,Without Alcohol,Merlin Residency,Manarcadu Jn  Kottayam,11,3 Star,87123,Breakfast
319,Kerala,Kovalam,2,Without Alcohol,DIAMOND PALACE HOTEL,Kovalam Bypass Road Edavilakom Vazhamuttom P O   Kovalam Trivandrum,10,3 Star,93485,Dinner
320,Kerala,Kovalam,3,Without Alcohol,HOTEL SEA FACE,N U P Beach Road  Kovalam  Trivandrum ,20,3 Star,92746,Lunch
321,Kerala,Koyilandy,5,Without Alcohol,Kalyan Residency,Railway station Road  Opp  New Bus stand  Koyilandy  Kozhikkode   Kerala,11,3 Star,86249,All meals
322,Kerala,Kozhikode,4,Without Alcohol,Hotel Hasthinapuri Inn,Chungam  Thamarassery  Kozhikode,14,3 Star,78835,Breakfast
323,Kerala,Kozhikode,2.2,Without Alcohol,HOTEL MONAD,KGP 20511 KARANTHUR PO  KUNNAMANGALAM  KOZHIKODE KERALA 673571,20,3 Star,78236,Lunch
324,Kerala,Kozhikode,4.5,Without Alcohol,Hotel Springway  A unit of Hotel Springway LLP ,Building no KP 23622A  B  C  D  E  F G wayanad road  Kunnamangalam Kozhikode,11,3 Star,81123,Dinner
325,Kerala,Kozhikode,5,Without Alcohol,HOTEL THUSHARA INTERNATIONAL,KODENCHERRY P O VIA THAMARASSERY KOZHIKODE DT ,19,3 Star,79832,All meals
326,Kerala,Kozhikode,2.2,Without Alcohol,Kings Regency  A unit of King s Regency LLP ,Building No 5 540A  NH Bypass  Pantheerankavu Kozhikode,11,3 Star,89357,Breakfast
327,Kerala,Kozhikode,4.4,Without Alcohol,KOVILAKAM RESIDENCY  A UNIT OF KOVILAKAM RESIDENCY PRIVATE LIMITED ,OPP  MIMS   MINI BYPASS ROAD  GOVINDAPURAM  KOZHIKODE 673016  KERALA Kozhikode,27,3 Star,76249,Dinner
328,Kerala,Kozhikode,3.2,Without Alcohol,MEDORA HOTEL,Opposite Stadium Pavamani Road Kozhikode ,40,3 Star,88724,Lunch
329,Kerala,Kozhikode,2,Without Alcohol,Park Residency,Ramanattukara  Kozhikode,16,3 Star,61092,All meals
330,Kerala,Kozhikode,2.972461752,Without Alcohol,Queens Hotel,Annie Hall Road  Near Railway station Road  Kozhikode,11,3 Star,38745,Breakfast
331,Kerala,Kozhikode,4,Without Alcohol,Theertha International,payyoli Kozhikode Dist Kerala,15,3 Star,43926,Dinner
332,Kerala,Kunnamkulam,3,Without Alcohol,R C Park,Opp Town hall Herbert Road Kunnamkulam,10,3 Star,50283,Lunch
333,Kerala,Kunnamkulam,1.1,Without Alcohol,victory inn park residency,Calicut Road  Parempadam  Kunnamkulam Thrissur,10,3 Star,41690,All meals
334,Kerala,Malappuram,2.3,Without Alcohol,Hotel Mahendrapuri,Kavungal Malappuram Post Malappuram District,12,3 Star,63172,Breakfast
335,Kerala,Malappuram,2.4,Without Alcohol,HOTEL PICNIC  A UNIT OF KOCHIKUNNEL WINES ,A UNIT OF KOCHIKUNNEL WINES  COURT ROAD  MANJERI P O  MALAPPURAM DISTRICT  676121,10,3 Star,37840,Dinner
336,Kerala,Malappuram,4.7,Without Alcohol,Hotel Samrat and Tourist Home,Ooty Road  Edakkara  Malappuram  Districr  Kerala State,10,3 Star,66821,Lunch
337,Kerala,Malappuram,4.1,Without Alcohol,Hotel Souparnika Inn  A unit of Hotel Souparnika Inn Pvt Ltd  ,Kozhikkode Road  Punnathala P O  Puthanathani  Malapuram Malappuram,12,3 Star,67439,All meals
338,Kerala,Malappuram,1.3,Without Alcohol,HOTEL SWAGATH,CALICUT ROAD VALANCHERY MALAPURAM DISTRICT,10,3 Star,40512,Breakfast
339,Kerala,Malappuram,1,Without Alcohol,ROSE RESIDENCY,MANNARKKAD ROAD  PERINTHALMANNA  MALAPPURAM DISTRICT 679322,13,3 Star,54309,Lunch
340,Kerala,Mavelikkara,4.4,Without Alcohol,HOTEL SIXER,Thattarambalam  Mavelikara road  Mavelikara  Alappuzha ,10,3 Star,67918,Dinner
341,Kerala,Mavelikkara,3.4,Without Alcohol,HOTEL TRAVANCORE REGENCY,NORTH MITCHEL JUNCTION  MAVELIKKARA ALAPPUZHA,11,3 Star,60287,All meals
342,Kerala,Munnar,1.6,Without Alcohol,Hotel Princess De Munnar,Chithirapuram  Post   Anachal Munnar ,10,3 Star,62850,Breakfast
343,Kerala,Munnar,3.5,Without Alcohol,ISSACS RESIDENCY,Top Station Road  Munnar  ,32,3 Star,69730,Dinner
344,Kerala,Muvattupuzha,2.4,Without Alcohol,Janatha Tourist Home,Kavitha Road Kacherithazham Muvattupuzha Ernakulam Muvattupuzha,10,3 Star,57182,Lunch
345,Kerala,Muvattupuzha,4,Without Alcohol,NEELAMBARI SUITES,VILLANCHIRA THALAKODE P O  NERIAYAMANGALAM KOTHAMANGALAM ERNAKULAM DIST ,22,3 Star,58392,All meals
346,Kerala,Muvattupuzha,3,Without Alcohol,The Krishna Regency Muvattupuzha ,The Krishna Regency  Near Private Bus Stand Thodupuzha Road  Muvattupuzha   686661,11,3 Star,72418,Breakfast
347,Kerala,Ottappalam,1.1,Without Alcohol,KOTTARAMHOTELS PVT LTD,A K G ROAD OTTAPALAM Ottappalam,19,3 Star,69592,Lunch
348,Kerala,Palai,2.3,Without Alcohol,Hotel Maharani,Michael Joseph And Co   Main Road   Pala P O  Kottayam,12,3 Star,32798,Dinner
349,Kerala,Palai,2.4,Without Alcohol,Hotel Zodiac,Uzhavoor  Kottayam Dist ,11,3 Star,64291,All meals
350,Kerala,Palakkad,1,Without Alcohol,DEEPA RESTAURANT AND TOURIST HOME,DEEPA RESTAURANT AND TOURIST HOME  PATTAMBI ROAD  CHERUPULACHERY  PALAKAD DIST   KERALA 679503,11,3 Star,59345,Breakfast
351,Kerala,Palakkad,3,Without Alcohol,GAYATHRI INN,KALLADIKKODE P O  PALAKKAD DISTRICT,11,3 Star,50938,Dinner
352,Kerala,Palakkad,4,Without Alcohol,HOTEL CHANAKYA,CHANDRA NAGAR  PALAKKAD,11,3 Star,73129,Lunch
353,Kerala,Palakkad,3,Without Alcohol,HOTEL DIANA  THE SOUTH MALABAR TRADING COMPANY ,VADAKKENCHERRY POST  PALAKKAD DISTRICT ,11,3 Star,70382,All meals
354,Kerala,Palakkad,5,Without Alcohol,HOTEL GAYATHRI INTERNATIONAL,THRIPPALUR  ERIMAYUR P O  PALAKKAD DISTRICT Palakkad,13,3 Star,45845,Breakfast
355,Kerala,Palakkad,4,Without Alcohol,HOTEL GAYATHRI REGENCY,KADAMPAZHIPURAM P O  PALAKKAD DISTRICT  KERALA STATE,13,3 Star,35829,Lunch
356,Kerala,Palakkad,2.2,Without Alcohol,Hotel Govardhana,3 413  Rock Garden Road  Malampuzha Dam Post  Malampuzha   Palakkad  Dist ,12,3 Star,49327,Dinner
357,Kerala,Palakkad,4.5,Without Alcohol,HOTEL KAIRALI,A UNIT OF RAJENDRAN AND ASSOCIATE   NEAR KSRTC BUS STAND  SHORANUR ROAD  PALAKKAD DISTRICT,14,3 Star,74629,All meals
358,Kerala,Palakkad,5,Without Alcohol,HOTEL KAIRALI TOWERS,NEAR INDIRA GANDHI STADIUM COIMBATORE ROAD  Palakkad,12,3 Star,67539,Breakfast
359,Kerala,Palakkad,2.2,Without Alcohol,HOTEL MAPS RESIDENCY,M G  ROAD  OPP  DYSP OFFICE  SHORANUR  PALAKKAD DISTRICT,14,3 Star,67539,Lunch
360,Kerala,Palakkad,4.4,Without Alcohol,Hotel Rajadhani,R S Road  Pattambi  Palakkad  Dist ,12,3 Star,52317,Dinner
361,Kerala,Palakkad,3.2,Without Alcohol,JYOTHIS REGENCY  A unit of Moochikunnans Hotel Pvt  Ltd  ,No 9 421 to 448 KANNAMBRA GRAMA PANCHAYATH NH 47 KARAYANGAD VADAKKENCHERY PO PALAKKAD  Palakkad Palakkad,20,3 Star,70931,All meals
362,Kerala,Palakkad,3.1,Without Alcohol,KALYAN TOURIST HOME,G  B  ROAD  ERUMAKKARA STREET  PALAKKAD,15,3 Star,96723,Breakfast
363,Kerala,Palakkad,4,Without Alcohol,Sree Narayana Hotel,Ambalapara,11,3 Star,79348,Lunch
364,Kerala,Palakkad,3,Without Alcohol,The Gold Hotel,Padalodumedu   Near Venkateswara Petrol Pump Kuzhalmannam  Post   Palakkad ,10,3 Star,84515,Dinner
365,Kerala,Paravoor,1.1,Without Alcohol,Hotel Grand Muziris,Opp  Civil Station  N  Paravoor,11,3 Star,96482,All meals
366,Kerala,Paravoor,2.3,Without Alcohol,JAYA TOURIST HOME,JAYA TOURIST HOME  OPP PWD GUEST HOUSE  N PARAVOOR  ERNAKULAM DISTRICT  KERALA,10,3 Star,88823,Breakfast
367,Kerala,Pathanamthitta,2.4,Without Alcohol,Hotel Amala,Opp  KSRTC Bus Station  Pathanamthitta,10,3 Star,93457,Dinner
368,Kerala,Pathanamthitta,4.7,Without Alcohol,Hotel Heyday Inn,Aban Junction  Pathanamthitta P O  Pathanamthitta ,10,3 Star,77534,Lunch
369,Kerala,Pathanamthitta,4.1,Without Alcohol,HOTEL SEA BLUE,OPP  PRIVATE BUS STAND MALLAPPALLY P O  MALLAPPALLY PATHANAMTHITTA,10,3 Star,86592,All meals
370,Kerala,Pathanamthitta,1.3,Without Alcohol,HOTEL SURYA AND GIRIRANI TOURIST HOME,Opp K S R T C Bus Stand   Main Road Konni Pathanamthitta Dist Pathanamthitta,10,3 Star,89924,Breakfast
371,Kerala,Pathanamthitta,2.4,Without Alcohol,KUTTIES RESIDENCY,Market Junction  Konni Pathanamthitta,11,3 Star,92834,Dinner
372,Kerala,Pathanamthitta,3.1,Without Alcohol,Shines Tourist Hotel,P B No 5 Pandalam Pathanamthitta Dist ,12,3 Star,93482,Lunch
373,Kerala,Pattambi,2.6,Without Alcohol,NAKSHATRA REGENCY,3 284  PATTAMBI MAIN ROAD  KOPPAM  PALAKKAD  PIN     679 307,12,3 Star,97834,All meals
374,Kerala,Payyanur,1.4,Without Alcohol,HOTEL ARCHANA AND DWARAKA TOURIST HOME,Main Road  Payyannur  Kannur ,22,3 Star,79764,Breakfast
375,Kerala,Payyanur,4.9,Without Alcohol,K B C GREEN PARK HOTEL,EDAT PAYYANUR KANNUR DIST  KERALA STATE,22,3 Star,88342,Dinner
376,Kerala,Perumbavoor,1.9,Without Alcohol,EAGLE TOURIST HOME,M C  Road  Perumbavoor P O   Ernakulam,10,3 Star,87752,Lunch
377,Kerala,Perumbavoor,2.9,Without Alcohol,EMBASSERY RESIDENCY,KURUPPAMPADY P O  ERNAKULAM DISTRICT KERALA STATE,11,3 Star,87935,All meals
378,Kerala,Perumbavoor,3.7,Without Alcohol,HOTEL ANJALY INTERNATIONAL,HOTEL ANJALY INTERNATIONAL  OUSHADHI JN   M C  ROAD  PERUMBAVOOR,10,3 Star,91428,Breakfast
379,Kerala,Perumbavoor,3.5,Without Alcohol,Manna Tourist Home,A M Road  Perumbavoor,10,3 Star,98235,Lunch
380,Kerala,Perumbavoor,3.1,Without Alcohol,RITZ INTERNATIONAL,A M ROAD  PERUMBAVOOR,11,3 Star,89236,Dinner
381,Kerala,Ponnani,4.1,Without Alcohol,HOTEL SAAYOOJ,THRISSUR ROAD  SUKAPURAM PO EDAPPAL MALAPURAM DIST  Ponnani,10,3 Star,86523,All meals
382,Kerala,Punalur,3.1,Without Alcohol,NARENDRA REGENCY,GOVT  HOSPITAL ROAD  PUNALUR  KOLLAM,11,3 Star,87239,Breakfast
383,Kerala,Quilandy,4.6,Without Alcohol,Park Residency,Koyilandy P O  Kozhikode District,15,3 Star,95482,Dinner
384,Kerala,Shoranur,3,Without Alcohol,Apsara Tourist Home,Opposite to Railway station Shoranur Shoranur,10,3 Star,82346,Lunch
385,Kerala,Sultan Bathery,5,Without Alcohol,HOTEL THE RESORT,Gandhi junction Rahim memorial Road Sulthan bathery Wayanad Dist  Kerala,10,3 Star,91764,All meals
386,Kerala,Taliparamba,4,Without Alcohol,HOTEL CHEMBARATHY GARDEN,7th MILE KUTTIKKOL PO TALIPARAMBA VILLAGE TALIPARAMBA TALUK KANNUR DISTRICT ,17,3 Star,92648,Breakfast
387,Kerala,Thalikkulam,2.2,Without Alcohol,Central Residency   Unit of Vynika Hotels Private Limited ,VIII   495 F  NH 66  Thalikkulam  Post  Thalikkulam Thalikkulam,10,3 Star,89524,Dinner
388,Kerala,Thekkady,4.5,Without Alcohol,HOLIDAY VISTA  M S C Hotels and Resorts Pvt Ltd  ,K K Road  Kumuly  Thekkady 685 509 Idukki District,52,3 Star,94987,Lunch
389,Kerala,Thiruvalla,5,Without Alcohol,Hotel Ashok International,T K Road  Thiruvalla  Pathanamthitta,10,3 Star,79143,All meals
390,Kerala,Thiruvalla,2.2,Without Alcohol,Hotel Bessota International,Near YMCA  Tiruvalla  Pathanamthitta  Kerala,20,3 Star,97342,Breakfast
391,Kerala,Thiruvananthapuram,4.4,Without Alcohol,Amala s Residency,Central Theatre Road Powerhouse Road Opposite Railway 2nd Entry Pazhavangadi Thiruvananthapuram ,16,3 Star,91528,Lunch
392,Kerala,Thiruvananthapuram,3.2,Without Alcohol,HOTEL ASLIYYA GRANDE,NAVAIKULAM  TRIVANDRUM 695603,20,3 Star,88293,Dinner
393,Kerala,Thiruvananthapuram,2,Without Alcohol,HOTEL CITY PALACE,ARAYALLOOR   THIRUMALA PO   TRIVANDRUM Thiruvananthapuram,10,3 Star,91283,All meals
394,Kerala,Thiruvananthapuram,1,Without Alcohol,Hotel Flamingo Inn a unit of flamingo Inn Pvt Ltd ,Opp  Infosys Campus  Technopark  By pass Medanada Kulathoor  p o Trivandrum,41,3 Star,98142,Breakfast
395,Kerala,Thiruvananthapuram,2,Without Alcohol,HOTEL HIGHNESS INN,PERUMTHANNI  EANCHACKAL  TRIVANDRUM,11,3 Star,78423,Dinner
396,Kerala,Thiruvananthapuram,4,Without Alcohol,HOTEL INDRAPRASTHA,HOTEL INDRAPRASTHA  MAITHANAM  VARKALA PO  THIRUVANANTHAPURAM 695141,10,3 Star,97732,Lunch
397,Kerala,Thiruvananthapuram,3,Without Alcohol,HOTEL INDRAPRASTHA,ATTAKULANGARA P O  THIRUVANANTHAPURAM,15,3 Star,78423,All meals
398,Kerala,Thiruvananthapuram,1.1,Without Alcohol,Hotel Indrapuri,TC 26 689  1 2   Vanross Junction  Trivandrum Thiruvananthapuram Thiruvananthapuram ,10,3 Star,94523,Breakfast
399,Kerala,Thiruvananthapuram,2.3,Without Alcohol,HOTEL PADMA,CONVENT ROAD  VANCHIYOOR  TRIVANDRUM,10,3 Star,88294,Dinner
400,Kerala,Thiruvananthapuram,2.4,Without Alcohol,HOTEL PRASANTH ,HOTEL PRASANTH   A unit of PRASAD HOTELS PRIVATE LIMITED  TC 11 726  P M G Junction  Thiruvananthapuram  695033  Kerala State,51,3 Star,94682,Lunch
401,Kerala,Thiruvananthapuram,4.7,Without Alcohol,HOTEL PRASANTHI,HOTEL PRASANTHI  PARASSALA PO  NEYYATTINKARA  THIRUVANANTHAPURAM  KERALA ,15,3 Star,87652,All meals
402,Kerala,Thiruvananthapuram,4.1,Without Alcohol,Hotel Rajadhani,Hotel Rajadhani  Rajadhani Buildings  East Fort  Thiruvananthapuram   695 023,17,3 Star,88974,Breakfast
403,Kerala,Thiruvananthapuram,1.3,Without Alcohol,Hotel Safari,Near KURTC Bus stand M C  Road Venjaramood Thiruvananthapuram,19,3 Star,82345,Dinner
404,Kerala,Thiruvananthapuram,1.9,Without Alcohol,Leela Backwaters Inn,Bridge Road  Poovar  Thiruvanthapuram  Kerala  India Thiruvananthapuram,15,3 Star,97382,Lunch
405,Kerala,Thiruvananthapuram,1.4,Without Alcohol,PADMASREE TOURIST HOME,Chirayinkeezhu Thiruvananthapuram,11,3 Star,83792,All meals
406,Kerala,Thiruvananthapuram,2.4,Without Alcohol,Pattom Royal Hotel,TC 3 2778 1  Pattom   Plamoodu Reach  Pattom Road,45,3 Star,87293,Breakfast
407,Kerala,Thiruvananthapuram,2.1,Without Alcohol,RACO REGENCY,MURINJAPALAM  MEDICAL COLLEGE  THIRUVANATHAPURAM,12,3 Star,97235,Dinner
408,Kerala,Thiruvananthapuram,3,Without Alcohol,RUBY ARENA,Kumarapuram Road  Medical Collage P O  Thiruvananthapuram Dist   Kerala State  Pin 695011,40,3 Star,94325,Lunch
409,Kerala,Thiruvananthapuram,5,Without Alcohol,The Grand Residency ,Nellimoodu P O  Thiruvananthapuram ,16,3 Star,92583,All meals
410,Kerala,Thiruvananthapuram,4,Without Alcohol,THE TRAVANCORE HERITAGE  A Unit of Joys The Beach Resort P  Ltd  ,Balaramapuram  Near kovalam  Chowara P O   695501 Thiruvananthapuram  Kerala  India  ,84,3 Star,78763,Breakfast
411,Kerala,Thodupuzha,2.2,Without Alcohol,GEMINY TOURIST HOME,Manakkad Jn  Thodupuzha PO Idukki Dist ,17,3 Star,94523,Dinner
412,Kerala,Thodupuzha,4.5,Without Alcohol,Hotel Vrindavan,Vannappuram P O  Thodupuzha  Idukki Dist,11,3 Star,96325,Lunch
413,Kerala,Thodupuzha,5,Without Alcohol,Hotel Xavier s Avenue Pvt  Ltd ,Paingotoor  Munnar Road  Kothamangalam  Ernakulam dist Thodupuzha,20,3 Star,79543,All meals
414,Kerala,Thodupuzha,2.2,Without Alcohol,Tee Cee Restaurant,Thodupuzha Muvattupuzha Road  Thodupuzha,11,3 Star,93527,Breakfast
415,Kerala,Thripunithura,4.4,Without Alcohol,Kottavathil Restaurant ,Near Statue Jn  Tripunithura  Ernakulam,10,3 Star,97246,Dinner
416,Kerala,Thrissur,3.2,Without Alcohol,ASHOKA INN,SAKTHAN THAMPURAN NAGAR T B ROAD THRISSUR,34,3 Star,82943,Lunch
417,Kerala,Thrissur,2,Without Alcohol,ASHOKA RESIDENCY,IRINJALAKUDA ROAD  P O KATTOOR  THRISSUR  KERALA ,11,3 Star,89173,All meals
418,Kerala,Thrissur,1.7,Without Alcohol,Central Hotel Agencies,Museum Road  Chembukavu  Thrissur ,10,3 Star,97634,Breakfast
419,Kerala,Thrissur,2.4,Without Alcohol,CHERAKULAM TOURIST HOME,TANA IRINJALAKUDA THRISSUR DT ,10,3 Star,98632,Dinner
420,Kerala,Thrissur,4,Without Alcohol,DAYA REGENCY,DAYA REGENCY MANNUTHY ROAD PARAVATTANI THRISSUR   680005 ,10,3 Star,87563,Lunch
421,Kerala,Thrissur,3,Without Alcohol,Deliza Residency,Vazhani Road Wadakanchery Post Thrissur Ditrict,20,3 Star,93752,All meals
422,Kerala,Thrissur,1.1,Without Alcohol,Devasura Inn  A Unit of Devasura Inn Private Limited,KUNNATHUR  PUNNAYOORKULAM P O  THRISSUR Thrissur,11,3 Star,89174,Breakfast
423,Kerala,Thrissur,2.3,Without Alcohol,Fort Gate Hotels and Resorts  A unit of Fort Gate Hotels and Resorts Private Limited ,KOTTAPPADY  GURUVAYOOR  THRISSUR Thrissur Thrissur,18,3 Star,92134,Lunch
424,Kerala,Thrissur,2.4,Without Alcohol,GOLDEN BAR,GOLDEN BAR KODAKARA THRISSUR  DIST  KERALA 680684 ,10,3 Star,94623,Dinner
425,Kerala,Thrissur,4.7,Without Alcohol,HAMARA HOTELS,A UNIT OF HAMARA HOTELS PRIVATE LIMITED  NADATHARA P O  NH 47 BY PASS  THRISSUR DISTRICT,20,3 Star,78723,All meals
426,Kerala,Thrissur,4.1,Without Alcohol,HIGHWAY PALACE INN,PATTIKKAD THRISSUR  DISTRICT KERALA,20,3 Star,85239,Breakfast
427,Kerala,Thrissur,1.3,Without Alcohol,HOLIDAY PARK,PUDUKKAD JUNCTION  THRISSUR DISTRICT  KERALA STATE,13,3 Star,97834,Dinner
428,Kerala,Thrissur,1,Without Alcohol,HOTEL APSARA,MAIN ROAD  CHALAKUDY  THRISSUR,10,3 Star,95324,Lunch
429,Kerala,Thrissur,4.4,Without Alcohol,Hotel Ayodhya Regency ,Hotel Ayodhya Regency  Triprayar  Thrissur Dist ,10,3 Star,89972,All meals
430,Kerala,Thrissur,3.4,Without Alcohol,Hotel Clay House,Muringoor P O  Chalakudy,25,3 Star,86124,Breakfast
431,Kerala,Thrissur,1.6,Without Alcohol,Hotel Dreamland,Triprayar  Nattika P O ,19,3 Star,93724,Dinner
432,Kerala,Thrissur,3.5,Without Alcohol,HOTEL HILL TOP,134  HOTEL HILL TOP  P O VELUTHUR  KUNNATHANGADI  THRISSUR,11,3 Star,95763,Lunch
433,Kerala,Thrissur,2.4,Without Alcohol,Hotel Kottaram Residency,Opp Apollo Tyres  Perambra Thrissur,17,3 Star,78345,All meals
434,Kerala,Thrissur,4,Without Alcohol,HOTEL MOON AND SHOPPING COMPLEX ,PAVARATTY P O  THRISSUR   Thrissur,10,3 Star,79123,Breakfast
435,Kerala,Thrissur,3,Without Alcohol,HOTEL NEW CASTLE,OTTUPARA  WADAKKANCHERRY P O  THRISSUR DISTRICT Thrissur,10,3 Star,79234,Lunch
436,Kerala,Thrissur,1.1,Without Alcohol,HOTEL OAK TREE ,A UNIT OF MOSA   SONS TOWER INN PRIVATE LIMITED  THIRUVILWAMALA P O  THRISSUR DISTRICT,14,3 Star,96324,Dinner
437,Kerala,Thrissur,2.3,Without Alcohol,Hotel Park Residency,Koorkkanchery P O  Thrissur,12,3 Star,95634,All meals
438,Kerala,Thrissur,2.4,Without Alcohol,HOTEL PENINSULA,Trichur Tourist Complex Pvt Ltd  M G Road  Thrissur Kerala ,12,3 Star,95732,Breakfast
439,Kerala,Thrissur,2.7,Without Alcohol,Hotel Salkara,Chavakkad Chettuva road Thrissur,10,3 Star,92834,Dinner
440,Kerala,Thrissur,2.3,Without Alcohol,HOTEL SEVEN SEAS,RAMAKRISHNA IYYER ROAD IRINJALAKUDA THRISSUR DISTRICT,11,3 Star,78294,Lunch
441,Kerala,Thrissur,3,Without Alcohol,Hotel Simla,P O Kanjany   Thrisssur Dist,10,3 Star,82745,All meals
442,Kerala,Thrissur,5,Without Alcohol,HOTEL SREE GOKULAM RESIDENCY  A UNIT OF SREE GOKULAM HOTELS INDIA PVT LTD ,AMBALLUR P O  PUDUKKAD THRICHUR,20,3 Star,86974,Breakfast
443,Kerala,Thrissur,4,Without Alcohol,HOTEL WAYLORD,A Unit of Hotel Waylord Private Limited  Thiroor P O  Thrissur District  Kerala State  Pin  680581 ,10,3 Star,97834,Lunch
444,Kerala,Thrissur,2.2,Without Alcohol,Hotel Zodiac,Koratty  Thrissur Dist ,10,3 Star,87654,Dinner
445,Kerala,Thrissur,4.5,Without Alcohol,Keli Residency   A Unit of Keli Hotels Private Limited ,Gramala P O  Mulagunnathukavu  Athani  Thrissur District Thrissur,19,3 Star,92736,All meals
446,Kerala,Thrissur,5,Without Alcohol,Kovilakam Inn  A unit of Kovilakam Inn India Private Limited ,KAIPARAMBU P O  Thrissur,13,3 Star,94523,Breakfast
447,Kerala,Thrissur,2.2,Without Alcohol,LUMBINI SUPREME,TC 30 383 2  R S ROAD  OLLUR P O   THRISSUR,10,3 Star,91754,Dinner
448,Kerala,Thrissur,4.4,Without Alcohol,M R TOURIST HOME,VELLANGALLUR  P O  THRISSUR,10,3 Star,87623,Lunch
449,Kerala,Thrissur,3.2,Without Alcohol,MAY FAIR HOTELS,PUDUKAD  THRISSUR DIST ,10,3 Star,83642,All meals
450,Kerala,Thrissur,2,Without Alcohol,Mayura Inn,Mannuthy Bypass Jn Mannuthy PO Thrissur Kerala 680651,18,3 Star,95236,Breakfast
451,Kerala,Thrissur,1.7,Without Alcohol,Peringottukara Palace,Kizhakkumury P O  Peringottukara  Thrissur,14,3 Star,93124,Dinner
452,Kerala,Thrissur,4,Without Alcohol,Polakulath Tourist Home Kodugallor,North Nada  Kodugallor  Thrissur,10,3 Star,88342,Lunch
453,Kerala,Thrissur,1.3,Without Alcohol,POORAM RESIDENCY HOTEL INDIA PRIVATE LIMITED,P O KODANNUR  THRISSUR DISTRICT,13,3 Star,78952,All meals
454,Kerala,Thrissur,1,Without Alcohol,Rose Residency,Madayikonam p o  Mapranam  Trissur,10,3 Star,83492,Breakfast
455,Kerala,Thrissur,4.4,Without Alcohol,Solar Hotels  A unit of Solar Hotels Pvt Ltd  ,Pavaratty P O Thrissur Thrissur,10,3 Star,78624,Lunch
456,Kerala,Thrissur,3.4,Without Alcohol,THE NADUMURI INN,ANNAMANDA  P O THRISSUR DIST KERALA STATE,11,3 Star,86492,Dinner
457,Kerala,Thrissur,1.6,Without Alcohol,VICTORY INTERNATIONAL,BYJU ROAD KUNNANKULAM Thrissur,10,3 Star,92863,All meals
458,Kerala,Tirur,3.5,Without Alcohol,HOTEL DEEPA RESTAURANT,DEEPA HOTEL AND RESTAURANT  TOWN HALL ROAD   TIRUR  MALAPPURAM Tirur Tirur Tirur,12,3 Star,88294,Breakfast
459,Kerala,Tirur,2.4,Without Alcohol,Hotel Salkara,Manjadi Tirur Road  Kuttippuram PO  Pin 679571  Tirur Taluk  Malappuram Dist   Kerala ,11,3 Star,45115,Dinner
460,Kerala,Valancherry,4,Without Alcohol,SWAGATH INN,PATTAMBI ROAD  VALANCHERY ,12,3 Star,51273,Lunch
461,Kerala,Varkala,3,Without Alcohol,Hindustan Beach Retreat,Papanasam Beach  Janardhanapuram PO ,27,3 Star,54639,All meals
462,Kerala,Varkala,1.1,Without Alcohol,hotel varkala park international,Station Road Varkala   Thiruvananthapuram 695141,16,3 Star,45923,Breakfast
463,Kerala,Wayanad,2.3,Without Alcohol,HOTEL SAUGANDHIKA WEST GATE,Kolagapara P O  Meenangadi   Wayanad District,12,3 Star,45846,Lunch
464,Kerala,Wayanad,2.4,Without Alcohol,Hotel Manasasaras,Thalassery Road  Mananthavady  Wayand   670 645,13,3 Star,31587,Dinner
465,Kerala,Wayanad,1.7,Without Alcohol,HOTEL MAYO,MENNANGADI WAYANAD DISTRICT,12,3 Star,85563,All meals
466,Kerala,Wayanad,4.9,Without Alcohol,HOTEL VANARANI,MEENANGADI  WAYANAD,10,3 Star,41581,Breakfast
467,Kerala,Wayanad,3.7,Without Alcohol,STERLING HOLIDAY RESORTS LTD,STERLING HOLIDAY RESORTS LTD  VALLU VADI POST  VALLUVADI VILLAGE  SULTHAN BATHERRY  WAYANAD DISTRICT ,61,3 Star,71547,Dinner
468,Madhya Pradesh,Avarghani,4,Without Alcohol,PENCH JUNGLE CAMP,PENCH NATIONAL PARK  VILLAGE AVARGHANI  TEH  KURAI ,31,3 Star,73821,Lunch
469,Madhya Pradesh,Bhopal,3,Without Alcohol,HOTEL AMER PALACE,209 ZONE 1  MP NAGAR,55,3 Star,68821,All meals
470,Madhya Pradesh,Bhopal,1.1,Without Alcohol,Hotel Amer Palace,209  Zone 1  MP Naagr  Bhopal,55,3 Star,71823,Breakfast
471,Madhya Pradesh,Tikamgarh,2.3,Without Alcohol,Silver Estate Resort,6 Mile Stone  Jhansi Road  Phadikhurd  Tikamgarh,50,3 Star,69832,Dinner
472,Maharashtra,Ahmednagar,2.4,Without Alcohol,Hotel Yash Grand ,Near Kinetic Chowk  Nagar Pune Road  Ahmednagar  ,27,3 Star,70932,Lunch
473,Maharashtra,Amravati,4.7,Without Alcohol,THE GRAND MEHFIL,NAZUL PLOT NO  11 2  SHEET NO  31 BEHIND DAYA SAGAR HOSPITAL  GIRLS HIGH SCHOOL SQUARE CAMP ROAD ,79,3 Star,67823,All meals
474,Maharashtra,Andheri  East ,4.1,Without Alcohol,Hotel Om Tunga Vihar,Plot No  B 11  MIDC Central Road  Andheri  East  ,20,3 Star,72932,Breakfast
475,Maharashtra,Andheri  East ,1.3,Without Alcohol,The Regale by Tunga A unit of Hotel Tunga Regale  India  Pvt  Ltd  ,PLOT NO  31  PHASE II  MIDC  CENTRAL ROAD  ANDHERI EAST  MUMBAI 400 093 Andheri  East ,49,3 Star,69821,Lunch
476,Maharashtra,Aurangabad,1,Without Alcohol,LEMON TREE HOTEL AURANGABAD,R 7 2  AIRPORT ROAD  CHIKALTHANA  AURANGABAD,102,3 Star,71832,Dinner
477,Maharashtra,Lonavala,4.4,Without Alcohol,The Fern  A Unit of Agarwal Hospitality Pvt  Ltd  ,S  No  84   1 to 4 off Mumbai pune expressway near Lonavala expressway exit Valavan Maval Lonavala Pune,80,3 Star,68823,All meals
478,Maharashtra,Mulshi,3.4,Without Alcohol,Atmantan Resort Wellness Health Centre ,Village Palse  Mulshi  Pune ,108,3 Star,76683,Breakfast
479,Maharashtra,Mumbai,1.6,Without Alcohol,Citizen Hotel  A UNIT OF CITIZEN HOTELS PVT  LTD  ,960  JUHU TARA ROAD  JUHU BEACH Mumbai,43,3 Star,82142,Dinner
480,Maharashtra,Mumbai,3.5,Without Alcohol,HOTEL SUNCITY RESIDENCY,16TH ROAD MIDC MAROL ANDHERI EAST MUMBAI 400093,35,3 Star,83675,Lunch
481,Maharashtra,MUMBAI,2.4,Without Alcohol,Hotel Tunga Paradise,Plot No  16  MIDC Central Road  Andheri  East   Mumbai  Maharashtra  City   Mumbai MUMBAI MUMBAI,40,3 Star,87729,All meals
482,Maharashtra,Mumbai,4,Without Alcohol,KEYS HOTEL NESTOR ,382 SWAROOP ENCLAVE  MAKHWANA ROAD   OFF MILITARY ROAD   OPP ECO PARK BUILD   MAROL  ANDHERI EAST   MUMBAI  400059  Mumbai,100,3 Star,95672,Breakfast
483,Maharashtra,Mumbai,3,Without Alcohol,Kohinoor Elite  A Unit of Kohinoor Elite Hotels Pvt Ltd  ,Kohinoor City  Kirol Road  Near American School of Bombay  Off LBS Marg  Kurla  West   Mumbai,100,3 Star,87123,Dinner
484,Maharashtra,Mumbai,1.1,Without Alcohol,Peninsula Redpine Hotel  A Unit of The Competent Hotel Private Limited,CTS 1355  Andheri Kurla Road  Marol  Mumbai Mumbai,29,3 Star,93485,Lunch
485,Maharashtra,Mumbai,2.3,Without Alcohol,Sea Palace Hotel,P J Ramchandani Marg  Apollo Bunder  Colaba  Mumbai 400001,47,3 Star,92746,All meals
486,Maharashtra,Mumbai,2.4,Without Alcohol,Soho House Mumbai,Plot no  16  Juhu Tara Road  Santa Cruz  W   Mumbai Mumbai Mumbai,36,3 Star,86249,Breakfast
487,Maharashtra,Mumbai,1.3,Without Alcohol,THE MIRADOR,131 B  NEW LINK ROAD  CHAKALA  ANDHERI  EAST   MUMBAI   400099,106,3 Star,78835,Lunch
488,Maharashtra,Nagpur,4,Without Alcohol,Hotel Naivedhyam North Star,28 A  Jagdamba Niwas  Near Koradi  Nagpur   441111,38,3 Star,98723,Dinner
489,Maharashtra,Nagpur,2.1,Without Alcohol,Tadoba Vanya Villas Resort and Spa  a unit of Royale Blue Resorts India Private Limited ,Khasra No 41 144 152 154 155   402 AT MOUZA CHETI  TEHSIL CHIMUR  DIST  CHANDRAPUR  NEAR TADOBA ANDHERI TIGER RESERVE  MAHARASHTRA Nagpur,36,3 Star,96324,All meals
490,Maharashtra,Nashik,3.4,Without Alcohol,Hotel Grand Rio  A Unit of CMP Hospitality  ,S  NO  881 2 PLOT NO  3  RAJIV NAGAR  CHADDA CHOWK  OFF MUMBAI AGRA ROAD Nashik,45,3 Star,98823,Breakfast
491,Maharashtra,Navi Mumbai,3,Without Alcohol,HOTEL HIGHWAY VIEW,PLOT NO 3  SECTOR 24  OPP  SANPADA RAILWAY STATION  MUMBAI PUNE HIGHWAY  NAVI MUMBAI,20,3 Star,93482,Dinner
492,Maharashtra,Navi Mumbai,5,Without Alcohol,Hotel Supreme Heritage,Plot No  L 2  Sector  19  Vashi   Navi Mumbai  400703,61,3 Star,95824,Lunch
493,Maharashtra,Palghar,4,Without Alcohol,ANCHAVIYO RESORTS,BHARAT AGRI FERT AND REALITY LTD SURVEY NO 155 7 8 9 10 VILLAGE KHARIVALI TALUKA WADA DIST MAHARASHTRA,16,3 Star,87432,All meals
494,Maharashtra,Pune,2.2,Without Alcohol,Ginger Pune Wakad,Ginger Hotel Kala Khdak Near Indira College Wakad naka Wakad,127,3 Star,92137,Breakfast
495,Maharashtra,Pune,4.5,Without Alcohol,IBIS HOTEL   PUNE  UNIT OF INTERGLOBE HOTELS PRIVATE LIMITED ,Survey No  32  Viman Nagar  Nagar Road  Pune  Maharashtra   411014  India,160,3 Star,96123,Lunch
496,Maharashtra,Thane,5,Without Alcohol,GCC HOTEL AND CLUB,GCC HOTELS PVT  LTD   92 1  OFF  MIRA BHAYANDER ROAD  MIRA ROAD EAST  THANE ,106,3 Star,98523,Dinner
497,Maharashtra,Thane,2.2,Without Alcohol,GCC Hotels Private Limited,GCC Hotel and club  S no  921  off Mira Bhayander road  near vijay sales  Mira Road East  Thane   401107,48,3 Star,95823,All meals
498,Maharashtra,Thane,4.4,Without Alcohol,Krishna Palace,35 36 MIDC Additional Ambernath East Thane,58,3 Star,93724,Breakfast
499,Manipur,Imphal ,3.2,Without Alcohol,Elora Hotel  a unit of Chingao Hotel and Resorts Pvt  Ltd ,Ward No  9  Indo Myanmar Road  Moreh  Chandel District,28,3 Star,98742,Dinner
500,Meghalaya,Shillong ,2,Without Alcohol,HOTEL POINISUK,LAITUMKHRAH MAIN ROAD  UPLAND ROAD  NONGKYNRIH,30,3 Star,96742,Lunch
501,Odisha,Angul,1,Without Alcohol,ASHIANA HILL VIEW,ADARSH VIHAR   PANCHA MAHALA   NEAR RTO OFFICE   ANGUL,80,3 Star,97623,All meals
502,Odisha,Jajpur Road,4.4,Without Alcohol,Ginger Hotel Kalinganagar,Ginger Hotel  Opp Tata Steel Gate no 3  Khurunti  Kalinganagar  Odisha  755026,93,3 Star,98234,Breakfast
503,Odisha,Jharsuguda,3.4,Without Alcohol,THR ORCHARD  Garden Palace Hotels Resorts Pvt Ltd,Bypass Road  Ekatali  Jharsuguda,50,3 Star,99237,Dinner
504,Odisha,Puri,1.6,Without Alcohol,MAYFAIR Waves  Puri,Chakratirtha Road  Puri  752002  Puri District  Odisha,34,3 Star,94123,Lunch
505,Odisha,Talcher,3.5,Without Alcohol,Hotel Surya Garden,Netaji Subas Bose Marg  Main Road  Talcher  Dist  Angul  Odisha  PIN  759107,38,3 Star,99123,All meals
506,Punjab,Jalandhar,2.4,Without Alcohol,COUNTRY INN SUITES BY RADISSON A UNIT OF HAYRE REGENCY HOTELS PRIVATE LIMITED,NEAR BSF CHOWK G T ROAD ,45,3 Star,93782,Breakfast
507,Punjab,Jalandhar,4,Without Alcohol,Hotel Imperia Suites,Vasant Vihar Road  Shanker Garden  Near Income Tax Colony  Jalandhar,18,3 Star,94873,Lunch
508,Rajasthan,Jaipur,3,Without Alcohol,Hotel Le Grande ,Jaipur Road Chomu ,19,3 Star,93927,Dinner
509,Rajasthan,Jaipur,1.1,Without Alcohol,Mansingh Towers,Hotel Mansingh Towers  Sansar Chandra Road,53,3 Star,98723,All meals
510,Rajasthan,Jaipur,2.3,Without Alcohol,RCL JAIPUR,Ginger Hotel  Hawa Sadak  Civils Lines  Jaipur,103,3 Star,98472,Breakfast
511,Tamil Nadu,Chennai ,2.4,Without Alcohol,BEVERLY,NO 17 RAJARATHINAM ROAD KILPAUK CHENNAI,52,3 Star,96823,Dinner
512,Tamil Nadu,Thanjavur,2.4,Without Alcohol,SANGAM HOTELS,TRICHY ROAD  THANJAVUR,57,3 Star,98234,Lunch
513,Telangana,Hyderabad,3.1,Without Alcohol,BESTWESTERN ASHOKA,6 1 70  LAKDI KA PUL,88,3 Star,97834,All meals
514,Telangana,HYDERABAD,2.6,Without Alcohol,Minerva Grand   Kompally,Survey No 105  Beside Cine Planet  Kompally ,42,3 Star,98832,Breakfast
515,Telangana,Hyderabad,1.4,Without Alcohol,OHRIS BANJARA  A UNIT OF HOTEL KAMAL PVT LTD  ,D NO 8 2 682   3 ROAD NO 12  BANJARA HILLS  HYDERABAD 500034 Hyderabad,24,3 Star,98924,Dinner
516,Telangana,Hyderabad,4.9,Without Alcohol,Tara,Hotel Tara  Ramojii Film City  Anajpur  RR District   501512,126,3 Star,98723,Lunch
517,Telangana,Hyderabad,1.9,Without Alcohol,VAISHNAOI HOTELS INDIA PVT LTD,3 2 8481 Kachiguda Station Road Kachiguda Hyderabad ,41,3 Star,96783,All meals
518,Uttar Pradesh,Ghaziabad,2.9,Without Alcohol,Fortune Inn Grazia,Plot No   1 Sector  23  Sanjay Nagar Distt  Centre ,50,3 Star,98973,Breakfast
519,Uttarakhand,Ramnagar,3.7,Without Alcohol,The Manor Kashipur  Unit of R R Hotels ,Bazpur Road   Udham singh Nagar  Kashipur   Uttrakhand 244713,30,3 Star,97942,Lunch
520,West Bengal,Asansol,3.5,Without Alcohol,HOTEL ASANSOL INTERNATIONAL,66  G T  ROAD  EAST   ASANSOL,42,3 Star,97923,Dinner
521,West Bengal,Bankura,3.1,Without Alcohol,HOTEL SAPTAPARNA,AVINASH SARANI  CHANDMARIDANGA  BANKURA,24,3 Star,97284,All meals
522,West Bengal,Bishnupur,4.1,Without Alcohol,HOTEL ANNAPURNA,COLLEGE ROAD  P O  BISHNUPUR  DIST BANKURA  ,45,3 Star,97823,Breakfast
523,West Bengal,Durgapur,3.1,Without Alcohol,The Peerless Inn Durgapur,Sahid Khudiram Sarani  City Centre  Durgapur   713216,108,3 Star,95782,Dinner
524,West Bengal,Kolkata,4.6,Without Alcohol,ETHNOTEL   A UNIT OF RAHA HOSPITALITY PVT LTD ,71 I 1 JESSORE ROAD  AIRPORT 2 5 NO GATE Kolkata,41,3 Star,96782,Lunch
525,West Bengal,Kolkata,1,Without Alcohol,GALLERY HOTELS AND RESORTS,67  BAGMARI ROAD   KOLKATA   700054,34,3 Star,98732,All meals
526,West Bengal,Kolkata,4.4,Without Alcohol,Hotel De Sovrani,DD21 SECTOR I SALT LAKE KOLKATA 700064 Kolkata,55,3 Star,98234,Breakfast
527,West Bengal,Kolkata,3.4,Without Alcohol,Hotel Walson,5A Sudder Street,29,3 Star,68821,Dinner
528,West Bengal,Kolkata,1.6,Without Alcohol,IBIS HOTEL   KOLKATA  A UNIT OF INTERGLOBE HOTELS PRIVATE LIMITED ,NO 30   1111  PLOT NO  BG   9  STREET NO  1111  NEW TOWN  POLICE STATION DISTT  NORTH 24  PARGANAS  KOLKATA   700156  WEST BENGAL,189,3 Star,71823,Lunch
529,West Bengal,Kolkata,3.5,Without Alcohol,Jameson Inn Shiraz,56 Park Street,40,3 Star,69832,All meals
530,West Bengal,Kolkata,2.4,Without Alcohol,Kolkatta Hotels Ltd  Holiday Inn Express Airport Kolkata ,28  jessore road  nscbi airport  dum dum,130,3 Star,70932,Breakfast
531,West Bengal,Kolkata,4,Without Alcohol,Park Prime Kolkata  A unit of Chocolate Hotels Pvt  Ltd  ,226  AJC BOSE ROAD KOLKATA Kolkata,62,3 Star,67823,Dinner
532,West Bengal,Kolkata,3,Without Alcohol,REGENTA LARICA INN,BISWA BANGLA ROAD   NOAPARA   CHINAR PARK   RAJARHAT   NEW TOWN   KOLKATA 700157 kolkata,45,3 Star,72932,Lunch
533,West Bengal,Kolkata,1.1,Without Alcohol,SENS HOTELS PVT LTD   UNIT  BRAND  REGENTA ORKO S KOLKATA by Royal Orchid Hotels,621  PRANTIK PALLY  KASBA  KOLKATA   700 107,69,3 Star,69821,All meals
534,West Bengal,Kolkata,2.3,Without Alcohol,The Fern Residency Kolkata  a unit of Protect Vanijya Pvt  Ltd ,AS 213  NOAPARA  204 MAIN ARTERIAL ROAD NEW TOWN KOLKATA 700157 ,48,3 Star,71832,Breakfast
535,West Bengal,Kolkata,2.4,Without Alcohol,The Golden Park,13 Ho Chi Minh Sarani,50,3 Star,68823,Lunch
536,West Bengal,Kolkata,2.972461752,Without Alcohol,VICTORIA HOTEL,45  CHINAR PARK  KOLKATA,34,3 Star,76683,Dinner
537,Andhra Pradesh,Kakinada,3,Without Alcohol,Grand Kakinada by GRT Hotels,11 3 11  Veterinary hospital road  Ramarao Peta  Kakinada,83,4 Star,82142,All meals
538,Andhra Pradesh,Vijayawada,5,With Alcohol,Quality Hotel D V Manor,40 1 47  M G Road  Vijayawada   520 010 Vijayawada,119,4 Star,83675,Breakfast
539,Andhra Pradesh,Visakhapatnam,4,With Alcohol,Fairfield By Marriott  A Unit Of KSR Developers Pvt Ltd ,S No 106 1B2  Marripalem  near R B Guest House  Madhavadhara Area ,121,4 Star,87729,Dinner
540,Andhra Pradesh,Visakhapatnam,2.2,With Alcohol,FORTUNE INN SREEKANYA,D NO 47 10 34 35 NEAR DIAMOND PARK DWARAKANAGAR ,68,4 Star,95672,Lunch
541,Andhra Pradesh,Visakhapatnam,4.5,With Alcohol,HOTEL DASPALLA,28 2 48 SURYABAGH  VISAKHAPATNAM ,125,4 Star,87123,All meals
542,Andhra Pradesh,Visakhapatnam,5,With Alcohol,WelcomHotel Grand Bay,15 1 44 Maharanipeta   Beach road  visakhapatnam,104,4 Star,93485,Breakfast
543,Chhattisgarh,Bilaspur,2.2,With Alcohol,HOTEL EAST PARK,AGRASEN CHOWK  LINK ROAD NO 1,78,4 Star,92746,Dinner
544,Chhattisgarh,Raipur ,4.4,With Alcohol,HOTEL GRAND IMPERIA  UNIT OF GRAND ARSH,VIP ROAD RAIPUR ,30,4 Star,86249,Lunch
545,Chhattisgarh,Raipur ,3.2,With Alcohol,Clarks Inn Suites,GE Road  Near VIP Square  Telibandha  Raipur,51,4 Star,78835,All meals
546,Chhattisgarh,Raipur ,2,With Alcohol,HOTEL BABYLON INN PVT LTD,JAIL ROAD  RAIPUR,72,4 Star,98723,Breakfast
547,Chhattisgarh,Raipur ,3.1,With Alcohol,HOTEL CELEBRATION,SHRI GURU GOVIND SINGH SQUARE  JAIL ROAD,43,4 Star,96324,Lunch
548,Chhattisgarh,Raipur ,0,With Alcohol,Hyatt Raipur  A Unit of Chartered Hotels Private Limited ,Magneto The Mall  N H  6 Labhandi  Raipur  Chhattisgarh  India  492 001,105,4 Star,98823,Dinner
549,Chhattisgarh,Raipur ,2.972461752,With Alcohol,Sayaji Hotel Raipur,GE Road  Behind Magneto Mall  Raipur     ,101,4 Star,93482,All meals
550,Delhi,Delhi,2.972461752,With Alcohol,Crowne Plaza Mayur Vihar,13B  Mayur Vihar District Center  Delhi 110091 Delhi,159,4 Star,95824,Breakfast
551,Delhi,Delhi,0,With Alcohol,HOLIDAYINN,ASSET AREA 12  HOSPITALITY DISTRICT  AEROCITY,265,4 Star,87432,Dinner
552,Delhi,Delhi,2.972461752,With Alcohol,Hotel City Park,KP Block Pitampura,58,4 Star,92137,Lunch
553,Delhi,Delhi,2.972461752,With Alcohol,Hotel Holiday Inn,Plot NO  13A  Mayur Vihar District Center,192,4 Star,96123,All meals
554,Delhi,New Delhi,4,With Alcohol,Crowne Plaza New Delhi Rohini,Plot 3B 1  Twin District Centre  Sector 10  Rohini  New Delhi,183,4 Star,98523,Breakfast
555,Delhi,New Delhi,3,With Alcohol,CROWNE PLAZA NEW DELHI ROHINI,PLOT NO  3B1  TWIN DISTRICT CENTRE  SECTOR 10  ROHINI  DELHI,183,4 Star,95823,Lunch
556,Delhi,New Delhi,1.1,With Alcohol,CROWNE PLAZA TODAY NEW DELHI OKHLA,PLOT NO  1  COMMUNITY CENTRE  OKHLA PHASE I  NEW DELHI 110020 ,208,4 Star,93724,Dinner
557,Delhi,New Delhi,2.3,With Alcohol,EDENPARK HOTELS PVT LTD,SHAHEED JEET SINGH MARG  NEW DELHI   110016,30,4 Star,98742,All meals
558,Delhi,New Delhi,2.4,With Alcohol,Hilton Garden Inn New Delhi  Saket,A 4 DLF Place Saket District Center  New Delhi 110017,115,4 Star,96742,Breakfast
559,Delhi,New Delhi,4.7,With Alcohol,PRIDE HOTEL LIMITED,ASSET 5A  AEROCITY  IGI AIRPORT  NEW DELHI 110037,378,4 Star,97623,Dinner
560,DNH   DD,Silvassa ,4.1,With Alcohol,RAS RESORTS,128 P  I  SILVASSA NAROLI ROAD,97,4 Star,98234,Lunch
561,Goa,Arpora,1.3,With Alcohol,Sun Village Resorts Pvt Ltd,Saquawadi Baga Arpora Bardez Goa,135,4 Star,99237,All meals
562,Goa,Mapusa,2.972461752,With Alcohol,Nanu Beach Resort And Spa,H NO  264  S NO  58 1  GIRKARWADA  ARAMBOL  PERNEM  GOA 403524 Mapusa,62,4 Star,94123,Breakfast
563,Goa,Margao,2.972461752,With Alcohol,Nanu Resort,Betalbatim Beach  Salcete  Goa Margao,72,4 Star,99123,Lunch
564,Goa,vasco da gama,2.972461752,With Alcohol,THE HQ ,SWATANTRA PATH P O BOX NO 31 VASCO ,50,4 Star,93782,Dinner
565,Haryana,Faridabad,2.972461752,With Alcohol,ART AND CRAFT LALIT HOTEL,ART   CRAFT LALIT HOTEL FARIDABAD   GURGAON ROAD  NEAR MANGAR POLICE CHOWKI  VILLAGE MANGAR  FARIDABAD ,35,4 Star,94873,All meals
566,Haryana,Gurgaon,1,With Alcohol,Best Western Resort Country Club  Prop Raghav Farms and Resorts Pvt Ltd ,Vill Para Tehsil Tauru Pachgaon Tauru Road  Near Manesar,117,4 Star,93927,Breakfast
567,Haryana,Gurgaon,4.4,With Alcohol,CLARENS HOTEL,PLOT NO 363  364  SECTOR 10  GURGAON,32,4 Star,98723,Dinner
568,Haryana,Gurgaon,3.4,With Alcohol,CLARENS HOTEL,PLOT NO 363364 SECTOR 29 GURUGRAM,32,4 Star,97923,Lunch
569,Haryana,Gurgaon,1.6,With Alcohol,Hilton Garden Inn ,Sector 50  Gurgaon Baani Square Village  Adampur   PIN 122002,201,4 Star,97284,All meals
570,Haryana,Gurgaon,3.5,With Alcohol,HILTON GARDEN INN,VILLAGE ADAMPUR SECTOR   50 GURGAON,201,4 Star,97823,Breakfast
571,Haryana,Gurgaon,2.4,With Alcohol,Park Plaza Gurgaon,B Block  Sushant Lok 1  Gurgaon Haryana,45,4 Star,95782,Lunch
572,Haryana,Gurgaon,4,With Alcohol,Park Premier  A Unit of Punihani International ,353 357  City Center  Sector 29,94,4 Star,96782,Dinner
573,Jharkhand,Dhanbad,3,With Alcohol,SONOTEL HOTELS RESORTS PRIVATE LTD ,OZONE GALLERIA MALL  FLOOR5  SARAIDHELA  Dhanbad,56,4 Star,98732,All meals
574,Karnataka,Bangalore,1.1,With Alcohol,ALOFT BENGALURU CESSNA BUSINESS PARK,Aloft Bengaluru Cessna Business Park  Cessna Business Park   Sarjapur  Marathahalli Outer Ring Road  Kadubeesanahalli  Bellandur Post  Bengaluru  560103  Karnataka ,191,4 Star,98234,Breakfast
575,Karnataka,Bangalore,2.3,With Alcohol,Radisson Bengaluru City Center,No  2  Gangadhar Chetty Road  Ulsoor  Bengaluru,81,4 Star,68821,Dinner
576,Karnataka,Bangalore,2.4,With Alcohol,Royal Orchid Central ,No 47 1 Manipal Centre Dickenson Road ,129,4 Star,71823,Lunch
577,Karnataka,Bangalore,2.972461752,With Alcohol,ST MARKS HOTEL PVT LTD,41  St mark s Road Bangalore,96,4 Star,69832,All meals
578,Karnataka,Belgaum,2.972461752,With Alcohol,Fairfield by Marriott Belagavi,132 7 9  Gogte Plaza  Kakti  Belagavi   Karnataka ,114,4 Star,69832,Breakfast
579,Karnataka,Udupi,2.972461752,With Alcohol,COUNTRY INN AND SUITES BY RADISSON MANIPAL,A UNIT OF HIRANYA BUILDERS PVT LTD RAJATHADRI ROAD  VIDYARATHNA NAGAR  SHIVALLI VILLAGE  MUDUPERAMPALLI MANIPAL UDUPI,54,4 Star,70932,Dinner
580,Kerala,Adoor,2.972461752,With Alcohol,HOTEL NEW INDRAPRASTHA,ADOOR PO  PATHANAMTHITTA,20,4 Star,67823,Lunch
581,Kerala,Adoor,3,With Alcohol,HOTEL WYTE PORTICO,Karuvatta  Adoor P O  Pathanamthitta Dist ,19,4 Star,72932,All meals
582,Kerala,Alappuzha,5,With Alcohol,ASWINI RESIDENCY,T B ROAD CHERTHALA ,10,4 Star,69821,Breakfast
583,Kerala,Alappuzha,4,With Alcohol,Hotel Coral Heights,Sree Krishna Temple Road  Ambalapuzha,20,4 Star,71832,Lunch
584,Kerala,Alappuzha,2.2,With Alcohol,HOTEL MITHILA,ERAMALLOOR P O  ALAPPUZHA,10,4 Star,68823,Dinner
585,Kerala,Alappuzha,4.5,With Alcohol,Karapuram Residency,Karapuram Residency kanichukulangara Cherthala ,14,4 Star,76683,All meals
586,Kerala,Alappuzha,5,With Alcohol,SAUGANDHIKA RESIDENCY,Nangiarkulangara Haripad ,19,4 Star,82142,Breakfast
587,Kerala,Alappuzha,2.2,With Alcohol,SREELAKSHMI RESIDENCY,SREELAKSHMI RESIDENCY  ELIPPAKKULAM  CHOONAD  VALLIKUNNAM P O  ,19,4 Star,83675,Dinner
588,Kerala,Angamaly,4.4,With Alcohol,HOTEL SURYA TOWERS,RAILWAY STATION ROAD  ANGAMALY  ERNAKULAM DISTRICT,36,4 Star,87729,Lunch
589,Kerala,Calicut,3.2,With Alcohol,Westway Hotel   A Unit of Sams Property Developers and Hotels Pvt  Ltd  ,West Nadakkavu  Kozhikode ,61,4 Star,95672,All meals
590,Kerala,Chalakudy,2,With Alcohol,HOTEL SIDHARTHA  A UNIT OF DALE AND CARRINGTON INVESTMENT PVT LTD ,CHALAKKUDY PO  RAILWAY STATION ROAD  TRICHUR,27,4 Star,87123,Breakfast
591,Kerala,Chalakudy,2.972461752,With Alcohol,Kallely s Park Inn,Main Road  Chalakudy ,13,4 Star,93485,Dinner
592,Kerala,CHERAI,1,With Alcohol,Blue Waters Cherai ,Beach Road  Cherai ,25,4 Star,92746,Lunch
593,Kerala,Cherthala,4.4,With Alcohol,HOTEL TRAVANCORE PALACE ,11 TH MILE  CHERTHALA P O ,17,4 Star,86249,All meals
594,Kerala,Ernakulam,3.4,With Alcohol,The Mercy Luxury Business Hotel,M G Road  Ravipuram  Kochi,41,4 Star,78835,Breakfast
595,Kerala,Ernakulam,1.6,With Alcohol,Abaam Hotel,opposite Vyttila Mobility Hub  Kaniampuzha road  Vyttila  Cochin,27,4 Star,78236,Lunch
596,Kerala,Ernakulam,3.5,With Alcohol,CRB COCHIN PALACE,55 1833 A1  A2  A3  A4  K P VALLON ROAD  KADAVANTHRA,16,4 Star,81123,Dinner
597,Kerala,Ernakulam,2.4,With Alcohol,GRAND HOTEL,M G ROAD ERNAKULAM,38,4 Star,79832,All meals
598,Kerala,Ernakulam,4,With Alcohol,HOTEL CEE CEE TOWER,HOTEL CEE CEE TOWER  CHANDRAMANGALAM JUNCTION  NORTH PARAVUR  ERNAKULAM   DIST  KERALA  STATE  PIN   683513,20,4 Star,89357,Breakfast
599,Kerala,Ernakulam,3,With Alcohol,Hotel Cloud 9,Bypass Road   Kothamangalam   Ernakulam ,18,4 Star,76249,Dinner
600,Kerala,Ernakulam,1.1,With Alcohol,Hotel Crystal Plaza,Banerji Road Highcourt Junction Ernakulam,12,4 Star,88724,Lunch
601,Kerala,Ernakulam,2.3,With Alcohol,HOTEL HILL VIEW,CIVIL LANE ROAD  PADAMUGHAL KAKKANAD ,33,4 Star,70932,All meals
602,Kerala,Ernakulam,2.4,With Alcohol,HOTEL N M ROYALE COUNTY,K R L ROAD THRIPUNITHURA KOCHI,27,4 Star,67823,Breakfast
603,Kerala,Ernakulam,2.972461752,With Alcohol,Hotel Navarathna,N H Bye Pass  Aluva,16,4 Star,72932,Dinner
604,Kerala,Ernakulam,2.972461752,With Alcohol,Hotel Park Residency,Near Civil Station  Seaport Airport Road  Kakkanad  Ernakulam,27,4 Star,69821,Lunch
605,Kerala,Ernakulam,2.972461752,With Alcohol,HOTEL VKJ INTERNATIONAL,Thattekad Bird Sanctuary Via  Kuttampuzha  Kothamangalam  Ernakulam,21,4 Star,71832,All meals
606,Kerala,Ernakulam,2.972461752,With Alcohol,KABANI REGENCY,karimugal Ernakulam ,18,4 Star,68823,Breakfast
607,Kerala,Ernakulam,4,With Alcohol,Lotus 8 A part hotels,Opp  Cochin international airport  vapalassery p o   Nedumbassery  Ernakulam,58,4 Star,76683,Lunch
608,Kerala,Ernakulam,3,With Alcohol,LOVEDONS GRAND,Karimugal Ernakulam,10,4 Star,82142,Dinner
609,Kerala,Ernakulam,1.1,With Alcohol,LOVELAND RESIDENCY,Chottanikkara  Ernakulam,10,4 Star,83675,All meals
610,Kerala,Ernakulam,2.3,With Alcohol,PARAVOOR GALAXY HOTELS PRIVATE LIMITED ,NEAR CHENDAMANGALAM JUNCTION  CHENDAMANGALAM ROAD  NORTH PARAVOOR  ERNAKULAM DISTRICT ,22,4 Star,87729,Breakfast
611,Kerala,Ernakulam,2.4,With Alcohol,PARAY RESIDENCY ,PARAY RESIDENCY TB ROAD MUVATTUPUZHA ERNAKULAM  KERALA ,24,4 Star,95672,Dinner
612,Kerala,Ernakulam,4.7,With Alcohol,POLAKULATH KARTHIKA REGENCY ,34   1648 A Edappally  Cochin   682024 ,10,4 Star,87123,Lunch
613,Kerala,Ernakulam,4.1,With Alcohol,The Killians Boutique Hotel,P  O  Box No  22  River Road  Fort Kochi  Ernakulam,21,4 Star,93485,All meals
614,Kerala,Ernakulam,1.3,With Alcohol,The Renai Cochin  Formerly Known as Renaissance Cochin  ,Palarivattom Cochin,48,4 Star,92746,Breakfast
615,Kerala,Ernakulam,1,With Alcohol,tHE VILLAGE INN,CHERANGANAL JUNCTION KOTTAPPADY ERNAKULAM DIST,11,4 Star,86249,Dinner
616,Kerala,Ernakulam,4.4,With Alcohol,VKG Group Holiday Hotel,Devaswom Nada  Munambam Road  Cherai P O  Ernakulam,19,4 Star,78835,Lunch
617,Kerala,Guruvayoor,3.4,With Alcohol,Polakulaths Sree Krishna Regency ,XIX 163 1 to 5 XIX 136 137 138  East Nada  Opposite Private Bus Stand  Guruvayur  Kerala  Guruvayoor Guruvayoor,34,4 Star,98723,All meals
618,Kerala,Idduki,1.6,With Alcohol,SPICE VILLAGE,Kumily Road  Thekkady   685 509  Kerala  India,52,4 Star,96324,Breakfast
619,Kerala,Idukki,3.5,With Alcohol,Alanta Residency ,Muttom P O Thodupuzha Idukki Idukki Idukki ,17,4 Star,98823,Lunch
620,Kerala,Idukki,2.4,With Alcohol,HOTEL JOANCE REGENCY,NEAR KSRTC BUS STAND  THODUPUZHA,13,4 Star,93482,Dinner
621,Kerala,Idukki,4,With Alcohol,HOTEL KUMILY GATE,KUMILY P O  THEKKADY  IDUKKI DISTRICT,16,4 Star,95824,All meals
622,Kerala,Idukki,3,With Alcohol,MATHA REGENCY  A UNIT OF MATHA TOURIST HOME ,ADIMALI  IDUKKI DISTRICT,19,4 Star,87432,Breakfast
623,Kerala,Kannur,1.1,With Alcohol,BROAD BEAN  KANNUR,CENTRAL BUS TERMINAL COMPLEX  THAVAKKARA  KANNUR DISTRICT ,17,4 Star,68821,Dinner
624,Kerala,Kannur,2.3,With Alcohol,Hotel Samrat,Court Road  Taliparamba P O  Kannur,27,4 Star,71823,Lunch
625,Kerala,Kannur,2.4,With Alcohol,J K Residency,Kelakam  Kelakam P O  Kannur,19,4 Star,69832,All meals
626,Kerala,Kasaragod,3.1,With Alcohol,HOTEL HIGHWAY CASTLE,Nullipaddy Near Govt  Ayurveda Hospital  Kasaragod ,17,4 Star,70932,Breakfast
627,Kerala,Kasaragod,2.1,With Alcohol,J K Residency,Cheruvathur  Cheruvathur PO  Kasargod Dist ,19,4 Star,67823,Lunch
628,Kerala,KASARGOD,4.6,With Alcohol,SREE GOKULAM NALANDA RESORTS  A UNIT OF SREE GOKULAM HOTELS INDIA PVT   LTD ,NH 17  NILESHWAR P O   KASARGOD,20,4 Star,72932,Dinner
629,Kerala,Kochi,2.7,With Alcohol,Broad Bean Hotel,Opposite KSEB N H Bypass Vytila,47,4 Star,69821,All meals
630,Kerala,Kochi,1.4,With Alcohol,Elite Tourist Home,PARAMARA ROAD KOCHI  KERALA STATE Kochi,22,4 Star,71832,Breakfast
631,Kerala,Kochi,1.1,With Alcohol,THE AVENUE REGENT,62 1807  M G ROAD  ERNAKULAM,54,4 Star,68823,Dinner
632,Kerala,Kochi,4,With Alcohol,Yuvarani Residency,A Unit of Ranimatha Arcade   Jos Junction  M G Road Ernakulam,38,4 Star,76683,Lunch
633,Kerala,Kodungallur,3,With Alcohol,Hotel Park Residency,Chandapura  Kodungallur  Thrissur,11,4 Star,82142,All meals
634,Kerala,Kollam,1.1,With Alcohol,All Season Backwater Resort,All Season Backwater Resort  Near Thevally Bridge  Kadavoor  Mathilil P O  Kollam,19,4 Star,83675,Breakfast
635,Kerala,Kollam,2.3,With Alcohol,HARISREE RESIDENCY,PERUMPUZHA P O  KUNDARA,16,4 Star,87729,Dinner
636,Kerala,Kollam,2.4,With Alcohol,Hotel Ambalakkara Regency,Pulamon P O  Kottarakkara  Kollam,16,4 Star,95672,Lunch
637,Kerala,Kollam,4.7,With Alcohol,Hotel Hillway,Main Road  Kadakkal P O   Kollam  Dist  ,10,4 Star,87123,All meals
638,Kerala,Kollam,4.1,With Alcohol,HOTEL KAVERY ,MUKKADA  KUNDARA KOLLAM,11,4 Star,93485,Breakfast
639,Kerala,Kollam,1.3,With Alcohol,HOTEL LEKSHMI,HOTEL LEKSHMI  PARIPALLY P O  KOLLAM,11,4 Star,92746,Lunch
640,Kerala,Kollam,2,With Alcohol,HOTEL NILA PALACE ,CHEERANCAVU EZHUKONE KOLLAM,19,4 Star,86249,Dinner
641,Kerala,Kollam,1,With Alcohol,HOTEL PANACEA VENTURES ,KSRTC JUNCTION  PUNALUR  KOLLAM DISTRICT Kollam,22,4 Star,78835,All meals
642,Kerala,Kollam,4.4,With Alcohol,HOTEL RAJ REGENCY,MC ROAD  NILAMEL  NILAMEL PO  KOLLAM DISTRICT  KERALA  PIN 691535,22,4 Star,98723,Breakfast
643,Kerala,Kollam,3.4,With Alcohol,Hotel Raj Residency,N H 66 Kalluvathukkal Kollam Dist   ,22,4 Star,96324,Dinner
644,Kerala,Kollam,1.6,With Alcohol,HOTEL REGANT LAKE PALACE ,PUTHENTHURA P O  NEENDAKARA  KOLLAM  KERALA,26,4 Star,98823,Lunch
645,Kerala,Kollam,3.5,With Alcohol,HOTEL SAMUDRA,MARKET JUNCTION  KOTTARAKARA P O ,11,4 Star,93482,All meals
646,Kerala,Kollam,2.4,With Alcohol,HOTEL SHILPA REGENCY  A UNIT OF SILPA HOSPITALITY PVT  LTD  ,M C Road  Inchakkad  Mylom P O  Kottarakkara Kollam,12,4 Star,95824,Breakfast
647,Kerala,Kollam,4,With Alcohol,KAVERI INTERNATIONAL,PUTHENKULAM P O   PARAVUR   KOLLAM,14,4 Star,87432,Lunch
648,Kerala,Kollam,3,With Alcohol,Madathil Regency,Kottiyam  Kollam Dist  Kerala ,21,4 Star,92137,Dinner
649,Kerala,Kollam,1.1,With Alcohol,ROYALKALLADA RESIDENCY,EAST KALLADA  KOLLAM,20,4 Star,96123,All meals
650,Kerala,Kottayam,2.3,With Alcohol,Emerald Regency,Vakathanam P O  Njaliakuzhy Jn   Kottayam ,22,4 Star,98523,Breakfast
651,Kerala,Kottayam,2.4,With Alcohol,Hotel Arcadia,T B Road  Kottaym,37,4 Star,95823,Dinner
652,Kerala,Kottayam,2.1,With Alcohol,HOTEL SANYO,KURUVILANGAD P O  KOTTAYAM ,10,4 Star,93724,Lunch
653,Kerala,Kottayam,1.4,With Alcohol,Hotel Sears Private Limited,M C Road  Nagampadam  Kottayam,11,4 Star,98742,All meals
654,Kerala,Kottayam,2.4,With Alcohol,SAKTHI TOURIST HOME,BAKER JUNCTION  KOTTAYAM,23,4 Star,96742,Breakfast
655,Kerala,Kottayam,1.1,With Alcohol,Windsor Castle,A Unit of St Mary s Hotels Pvt Ltd   M C Road  Kodimatha Kottayam District  Kerala State Pin  686013,56,4 Star,97623,Lunch
656,Kerala,Kottayam,2.4,With Alcohol,Zodiac Heritage,Companykada Road  Mundakayam,10,4 Star,98234,Dinner
657,Kerala,Kumarakom,2.1,With Alcohol,Taj Kumarakom Resort and Spa,Kavanattinkara  Kumarakom  Kottayam Kumarakom,28,4 Star,99237,All meals
658,Kerala,Malappuram,1.4,With Alcohol,HOTEL DEVALOKAM,Ponani Road Edappal Post Malappuram Distict Kerala State,12,4 Star,94123,Breakfast
659,Kerala,Malappuram,2.4,With Alcohol,MALABAR HERITAGE  KMA Resorts Pvt Ltd ,Building No 34  216 217 218  4Th Stage By Pass  Manjeri,18,4 Star,99123,Dinner
660,Kerala,Malappuram,1.1,With Alcohol,NIRMALLYAM RESIDENCY HOTELS PRIVATE LIMITED,CHANGARAMKULAM  P O ALAMKODE  MALAPPURAM DISTRICT,21,4 Star,93782,Lunch
661,Kerala,Muvattupuzha,1,With Alcohol,Hotel Central Fort,Green Seven Hotels Private Limited Vazhakulam Post  Muvattupuzha Ernakulam Dist   ,10,4 Star,94873,All meals
662,Kerala,Muvattupuzha,3,With Alcohol,HOTEL KABANI INTERNATIONAL,Near Private Bus Stand  Thodupuzha Road  Muvattupuzha  Ernakulam Dist ,13,4 Star,93927,Breakfast
663,Kerala,Muvattupuzha,5,With Alcohol,HOTEL NARENDRA CENTRAL,HOTEL NARENDRA CENTRAL  NEAR KSRTC BUS STATION  M C ROAD  MOOVATTUPUZHA 686661,10,4 Star,98723,Dinner
664,Kerala,Palai,4,With Alcohol,Armani Residency,Ramapuram  Pala  Kottayam,12,4 Star,82142,Lunch
665,Kerala,Palai,2.2,With Alcohol,MAREENA TOURIST HOME,Erattupetta  Kottayam  DT  Kerala ,11,4 Star,83675,All meals
666,Kerala,Perumbavoor,4.5,With Alcohol,Aarya Palace,M C Road  Pulluvazhy  Perumbavoor Ernakulam Dist ,16,4 Star,87729,Breakfast
667,Kerala,Perumbavoor,5,With Alcohol,JAIRAJ LODGE,Perumbavoor P O  Ernakulam ,10,4 Star,95672,Lunch
668,Kerala,Thiruvananthapuram,2.2,With Alcohol,HOTEL CLASSIC AVENUE,HOTEL CLASSIC AVENUE  T C 25 1744 1   MANJALIKULAM ROAD  THAMPANOOR  THIRUVANATHAPURAM  695001,60,4 Star,87123,Dinner
669,Kerala,Thiruvananthapuram,4.4,With Alcohol,HOTEL DOUBLOON,KALLAMBALAM  TRIVANDRUM,29,4 Star,93485,All meals
670,Kerala,Thiruvananthapuram,3.2,With Alcohol,Hotel Karthika Residency ,Karette  Vamanapuram P O   Thiruvanthapuram  Kerala  Pin   695606,12,4 Star,92746,Breakfast
671,Kerala,Thiruvananthapuram,2,With Alcohol,HOTEL LIBRA,PAZHAYA ROAD  MEDICAL COLLEGE  P O  TRIVANDRUM Thiruvananthapuram,22,4 Star,86249,Dinner
672,Kerala,Thiruvananthapuram,1.1,With Alcohol,Hotel Maurya Rajadhani,GH Road  Statue  Trivandrum,39,4 Star,78835,Lunch
673,Kerala,Thiruvananthapuram,2.1,With Alcohol,HOTEL NEW INDRAPRASTHA,KILIMANOOR PO  THIRUVANANTHAPURAM,22,4 Star,78236,All meals
674,Kerala,Thiruvananthapuram,1.4,With Alcohol,HOTEL ROHINI INTERNATIONAL,HOTEL ROHINI INTERNATIONAL  VITHURA P O   ,11,4 Star,81123,Breakfast
675,Kerala,Thiruvananthapuram,3.4,With Alcohol,HOTEL SAVITHRI,CHIRAYINKEEZHU ROAD   ATTINGAL  KERALA,15,4 Star,79832,Dinner
676,Kerala,Thiruvananthapuram,1.1,With Alcohol,HOTEL SOORYA,PALACE ROAD  ATTINGAL  TRIVANDRUM,11,4 Star,89357,Lunch
677,Kerala,Thiruvananthapuram,2.4,With Alcohol,HOTEL SREEPADMANABHA,BALARAMAPURAM  TRIVANDRUM,18,4 Star,76249,All meals
678,Kerala,Thiruvananthapuram,4,With Alcohol,SP GRAND DAYS,PANAVILA JUNCTION  THYCAUD P O  THIRUVANANTHAPURAM,73,4 Star,88724,Breakfast
679,Kerala,Thiruvananthapuram,3,With Alcohol,SREEVALSAM RESIDENCY ,M C ROAD VEMBAYAM  TRIVANDRUM,17,4 Star,54545,Lunch
680,Kerala,Thiruvananthapuram,1.1,With Alcohol,SURENDRA TRIDENT HOTEL,VATTIYOORKAVU  TRIVANDRUM   695013,11,4 Star,68821,Dinner
681,Kerala,Thiruvananthapuram,2.3,With Alcohol,THE RESIDENCY TOWER,PRESS ROAD  TRIVANDRUM,48,4 Star,71823,All meals
682,Kerala,Thiruvananthapuram,2.4,With Alcohol,VAKKOM PALAZZO,Hotel Vakkom Palazzo VP221A  Panayil Kadavu Road  Vakkom P O  Chiranyinkeezhu Taluk  Thiruvananthapuram  Pin  695308 ,24,4 Star,69832,Breakfast
683,Kerala,Thiruvananthapuram,4.7,With Alcohol,WINDSOR RAJADHANI,A UNIT OF RAJADHANI HOTELS PVT  LTD   T C No 5 2396 1  2   3   Toll Junction  Kawdiar  Thiruvananthapuram   695003,52,4 Star,70932,Dinner
684,Kerala,Thrissur,4.1,With Alcohol,ATHIRAPPILLY RESIDENCY HOTELS INDIA PRIVATE LIMITED,Athirappilly Road  Pariyaram PO  Chalakudy ,20,4 Star,67823,Lunch
685,Kerala,Thrissur,1.3,With Alcohol,Chand V Regency,Kaipamangalam Thrissur,17,4 Star,72932,All meals
686,Kerala,Thrissur,1,With Alcohol,CHERUTHURUTHY ECO GARDENS,A UNIT OF PEPCO RESORTS PRIVATE LIMITED  CHERUTHURUTHY P O  THRISSUR ,47,4 Star,69821,Breakfast
687,Kerala,Thrissur,4.4,With Alcohol,Hotel Anupama Legacy,Main Road  Mala  Thrissur Dist  Thrissur,10,4 Star,71832,Lunch
688,Kerala,Thrissur,3.4,With Alcohol,HOTEL LUCIYA PALACE,A Unit of Kanichais Enterprises  Marrar Road  Thrissur District     680 001 ,32,4 Star,68823,Dinner
689,Kerala,Thrissur,1.6,With Alcohol,Mamatha Motels,Kechery Post  Thrissur Dist Kerala,11,4 Star,76683,All meals
690,Kerala,Thrissur,3.5,With Alcohol,Niya Regency,Kanjani Road  Chettupuzha  P O Olarikkara ,20,4 Star,82142,Breakfast
691,Kerala,Wayanad,2.4,With Alcohol,Hotel Manasasaras,Thalassery Road  Mananthavady  Wayand,12,4 Star,83675,Dinner
692,Maharashtra,Mumbai,4,With Alcohol,Courtyard By Marriott Mumbai International Airport   Unit of Kanakia Hotels And Resorts Pvt Ltd    ,Courtyard By Marriott Mumbai International Airport  CTS NO 215  Andheri Kurla Road  Andheri   E   Mumbai Mumbai Mumbai Mumbai,299,4 Star,87729,Lunch
693,Maharashtra,Mumbai,3,With Alcohol,Fariyas Hotel Mumbai,25  Off Arthur Bunder Road  Colaba,93,4 Star,95672,All meals
694,Maharashtra,Mumbai,1.1,With Alcohol,Hotel Kohinoor Continental,J B Nagar  Andheri Kurla Road  Andheri East  Mumbai ,137,4 Star,87123,Breakfast
695,Maharashtra,Mumbai,2.3,With Alcohol,HOTEL SAHIL PVT  LTD ,292  J  B  BEHRAM MARG  MUMBAI CENTRAL  ,88,4 Star,93485,Lunch
696,Maharashtra,Mumbai,2.4,With Alcohol,HOTEL TRANSIT PVT  LTD   T24 RESIDENCY ,CHURCH ROAD  NEAR AIRPORT ROAD METRO STATION  MAROL  ANDHERI EAST  MUMBAI  400059,55,4 Star,92746,Dinner
697,Maharashtra,Mumbai,3,With Alcohol,Peninusla Grand Hotel,Sakinaka Junction  Lokmanya Tilak Nagar  Andheri East  Mumbai  Maharashtra ,81,4 Star,86249,All meals
698,Maharashtra,Mumbai,1.1,With Alcohol,Ramee Guestline Hotel,Plot No 3  Kohinoor Road  Dadar  East   Mumbai   400014,58,4 Star,78835,Breakfast
699,Maharashtra,Mumbai,2.3,With Alcohol,Ramee Guestline Hotel,462 A b Nair Road  Juhu,89,4 Star,98723,Dinner
700,Maharashtra,Mumbai,2.4,With Alcohol,THE SHALIMAR HOTEL,AUGUST KRANTI MARG  KEMPS CORNER  MUMBAI 400036,60,4 Star,96324,Lunch
701,Maharashtra,Mumbai,4.7,With Alcohol,Trident  Bandra Kurla,C 56   G  Block  Bandra Kurla Complex  Mumbai ,436,4 Star,98823,All meals
702,Maharashtra,Nashik,4.1,With Alcohol,COURTYARD MARRIOTT,S NO  514A1 21TO191  PLOT NO  1 2 5 6 7 8 9  NEAR WOCKHARDT HOSPITAL  MUMBAI NAK  MUMBAI AGRA HIGHWAY  VILLAGE NASHIK  TALUKA   DIST  NASHIK 422011,113,4 Star,93482,Breakfast
703,Maharashtra,Navi Mumbai,1.3,With Alcohol,Apeejay Surrendra Park Hotels Limited,Plot No  1  Sector 10  CBD Belapur  Navi Mumbai 400614,80,4 Star,95824,Dinner
704,Maharashtra,Navi Mumbai,2.3,With Alcohol,Ramada Navi Mumbai Saikripa Foods Services Pvt Ltd,156 Milienium Business Park  MIDC  Sector 2 Mahape   Navi Mumbai 400710 Navi Mumbai,99,4 Star,87432,Lunch
705,Odisha,Angul,2.4,With Alcohol,HOTEL SHAKTI CONTINENTAL,6TH LANE  AMALAPADA  HANUMAN BAZAR  ANGUL  ODISHA   759122,84,4 Star,92137,All meals
706,Odisha,Bhubaneswar ,3,With Alcohol,Empires,5 B  Saheed Nagar  Bhubaneswar ,58,4 Star,96123,Breakfast
707,Odisha,Bhubaneswar ,1.1,With Alcohol,Pal Heights,Pal Heights pl J7  Jayadev Vihar  Bhubaneswar 751013 Odisha ,74,4 Star,98523,Dinner
708,Odisha,Bhubaneswar ,2.3,With Alcohol,The New Marrion,6 Janpath,53,4 Star,95823,Lunch
709,Punjab,Ludhiana,2.4,With Alcohol,THE PALM COURT ,A UNIT OF KHANNA INFRA BUILD PVT  LTD   20001 A SUKHDEV NAGAR  FEROZEPUR ROAD  ,41,4 Star,93724,All meals
710,Rajasthan,Sawai Madhopur,4.7,With Alcohol,Sawai Vilas  A unit of The footprints ranthambhore ,Sawai Vilas Khasra Number 4581 4582 4587 4589 Village Khilchipur tehsil Sawai Madhopur 322001 Rajasthan,60,4 Star,98742,Breakfast
711,Tamil Nadu,chennai,4.1,With Alcohol,Hotel Courtyard By Marriott,564 Anna Salai Teynampet Chennai 600018 chennai,242,4 Star,96742,Dinner
712,Tamil Nadu,Chennai ,1.3,With Alcohol,EHOTEl,49 50 Whites Road  Royapettah,44,4 Star,97623,Lunch
713,Tamil Nadu,Chennai ,1.2,With Alcohol,Gokulam Park Sabari,33  IT Expressway  Rajiv Gandhi Salai  OMR   Navalur,85,4 Star,98234,All meals
714,Tamil Nadu,Chennai ,1.4,With Alcohol,MERCURE CHENNAI SRIPERUMBUDUR,CP 8  SIPCOT Inductrial Park  Oragadam  Sriperumbudur  Chennai 602105  Tamil Nadu,93,4 Star,99237,Breakfast
715,Tamil Nadu,Chennai ,1.6,With Alcohol,Novotel Chennai Chamiers Road,No 11  Chamiers Road  Nandanam  Chennai,110,4 Star,94123,Lunch
716,Tamil Nadu,Chennai ,1.4,With Alcohol,The Raintree  Anna Salai  A Unit of Ceebros Hotels Pvt  Ltd  ,No  636  Anna Salai  Teynampet  Chennai   600035 ,230,4 Star,99123,Dinner
717,Tamil Nadu,Kancheepuram,4,With Alcohol,REGENTA CENTRAL RS,No  13 1A  The Marina Mall  OMR Road  Near Navalur Tollgate  Egattur  Chengelpet 603103,120,4 Star,93782,All meals
718,Tamil Nadu,Madurai,3,With Alcohol,COURTYARD BY MARRIOTT,A Unit of  Sangu Chakra Hotels Pvt  Ltd   No 168 Alagar Kovil Road  Next to Circuit House,82,4 Star,94873,Breakfast
719,Tamil Nadu,Salem,1.1,With Alcohol,RADISSON SALEM  A unit of VETRIVEL EXPLOSIVES PRIVATE LIMITED HOTEL DIVISION ,176  KENNEDY NAGAR  SALEM 636 005 Salem,127,4 Star,98823,Dinner
720,Tamil Nadu,Trichy,2.3,With Alcohol,SRM HOTEL Pv Ltd ,Race Course Road   Khajamalai  Trichy ,110,4 Star,93482,Lunch
721,Telangana,Gachibowli,2.4,With Alcohol,Duet India Hotels  Hyderabad  Private Limited,Road No  2   Financial District   Gachibowli Hyderabad   Telangana 500032   India T  914045416699 Gachibowli,232,4 Star,95824,All meals
722,Telangana,HYDERABAD,4.7,With Alcohol,Mercure Hyderabad KCP,6 3 551  Banjara Hills Main Rd  Somajiguda  Hyderabad  Telangana 500082 HYDERABAD,128,4 Star,87432,Breakfast
723,Telangana,Hyderabad,4.1,With Alcohol,Sitara,Hotel Sitara  Ramojii Film City  Anajpur  RR District   501512,171,4 Star,92137,Lunch
724,Telangana,Hyderabad,1.3,With Alcohol,The Golkonda Hotel,The Golkonda Hyderabad Banjara Hills  Masab Tank  Hyderabad     500 028 Telangana  India Email   infothegolkondahotel com Telephone   91 40 66110101 Fax   91 40 66110102 Toll Free   1800 425 0202 Delhi Sales Office   9133330344 Email   delhithegolkondahotel com,141,4 Star,96123,Dinner
725,Uttar Pradesh,Lucknow ,1,With Alcohol,Fairfield By Marriott Hotel,Gemini Continental Pvt  Ltd   Unit 2   Vibhuti Khand  Gomti Nagar  Opp Indira Gandhi Pratishthan  Lucknow  Uttar Pradesh,222,4 Star,98523,All meals
726,Uttar Pradesh,Lucknow ,4.4,With Alcohol,FAIRFIELD BY MARRIOTT LUCKNOW,FAIRFIELD BY MARRIOTT LUCKNOW OPP  INDIRA GANDHI PRATISTHAN  VIBHUTI KHAND  GOMTI NAGAR,222,4 Star,95823,Breakfast
727,Uttar Pradesh,Noida,3.4,With Alcohol,FORTUNE INN GRAZIA  unit of ANGEL BABY PRODUCTS PVT  LTD ,Plot No  1A  Block I  Sector 27  Noida   201301  Uttar Pradesh  India  NOIDA  Uttar Pradesh   201301  India,42,4 Star,93724,Dinner
728,Uttar Pradesh,Shahjahanpur,1.6,With Alcohol,THE GRAND ARC HOTEL  UNIT OF SHRI BALAJI HOSPITALITY ,SH 29   NAVADA INDERPUR   SHAHJAHANPUR   UTTAR PRADESH 242226,61,4 Star,98742,Lunch
729,Uttarakhand,Ramnagar,3.5,With Alcohol,Aahana The Corbett Wilderness  Unit of Corbett Nature Reserve ,Village Sawaldey West   Ramnagar   Nainital   Uttrakhand 244715 ,46,4 Star,96742,All meals
730,West Bengal,Baharampur,2.4,With Alcohol,FAME HOTELS PVT LTD,24A7 KAILKA PUR ROAD  SHILPO TALUK ,52,4 Star,98823,Breakfast
731,West Bengal,Kolkata,4,With Alcohol,AAURIS UNIT OF MODERN INNS PRIVATE LIMITED,4 ROBINSON STREET  KOLKATA 700017,56,4 Star,93482,Lunch
732,West Bengal,Kolkata,3,With Alcohol,ALTAIR A UNIT OF AMBUJA REALTY DEVELOPMENT LTD ,ECOCENTRE  GROUND FLOOR LOBBY  19TH  20TH AND 21ST FLOOR  EM 4  EM BLOCK  SECTOR V  SALT LAKE,23,4 Star,95824,Dinner
733,West Bengal,Kolkata,1.1,With Alcohol,Hotel Monotel,DM 2  Sector V  Salt Lake  Beside Gate No  4 of Wipro ,109,4 Star,87432,All meals
734,West Bengal,Kolkata,2.3,With Alcohol,HOTEL O2 OXYGEN,641 MONDALGANTHI RAMAKRISHNAPALLY VIP ROAD KAIKHALI KOPLKATA 700052,109,4 Star,92137,Breakfast
735,West Bengal,Kolkata,2.4,With Alcohol,HOTEL O2 OXYGEN,641 MONDOL GANTHI RAMAKRISHNAPALLY   VIP ROAD   KAIKHALI  KOLKATA 700 052,109,4 Star,96123,Dinner
736,West Bengal,Kolkata,1.4,With Alcohol,New Kenilworth Hotel Pvt  Ltd ,1 2  Little Russel Street,101,4 Star,98523,Lunch
737,West Bengal,Kolkata,4,With Alcohol,THE ASTOR  KOLKATA,15  SHAKESPEARE SARANI  ,33,4 Star,95823,All meals
738,West Bengal,Kolkata,1.5,With Alcohol,THE SONNET,BLOCK DD  PLOT NO 8  SECTOR 1  SALT LAKE  KOLKATA   700 064 ,64,4 Star,93724,Breakfast
739,West Bengal,Purulia,1.7,With Alcohol,HOTEL AKASH SAROVAR,East Lake Road  Near Surya Mandir  Purulia,34,4 Star,98742,Lunch
740,Andaman And Nicobar,Port Blair ,3,Without Alcohol,HOTEL AQUAGREEN A UNIT OF SOUTHERNS HOLDINGS AND INVESTMENTS CHENNAI PRIVATE LIMITED,KEYS SELECT HOTEL AQUAGREEN OPPOSITE TO AIRPORT EXIT GATE  LAMBA LINE JUNGLI GHAT  Port Blair ,48,4 Star,96742,Dinner
741,Andhra Pradesh,Visakhapatnam,5,Without Alcohol,PALM BEACH HOTEL,D NO  6 24 3 BEACH ROAD VISHAKAPATNAM,74,4 Star,98823,All meals
742,Chhattisgarh,Raipur ,4,Without Alcohol,Ariena   The Boutique Hotel,608 3  Opp Oswal Petrol Pump  VIP Square  ,50,4 Star,93482,Breakfast
743,Chhattisgarh,Raipur ,2.2,Without Alcohol,HOtel Vennington Court,Fafadih Chowk  Beside RAheja Tower  Raipur,57,4 Star,95824,Dinner
744,Delhi,Delhi,4.5,Without Alcohol,Svelte Hotel And Personal Suites,A 3  District Center  Select Citywalk  Saket,97,4 Star,87432,Lunch
745,Delhi,New Delhi,5,Without Alcohol,Crowne Plaza New Delhi Rohini,CROWNE PLAZA NEW DELHI ROHINI TWIN DISTRICT CENTRE SECTOR 10 ROHINI NEW DELHI 110085,183,4 Star,92137,All meals
746,Gujarat,Ahmedabad,2.2,Without Alcohol,BINORI HOTEL PVT LTD,22 1 B  NEAR MUKTIDHAM THALTEJ CROSS ROAD S G HIGHWAY AHMADABAD,69,4 Star,96123,Breakfast
747,Gujarat,Ahmedabad,4.4,Without Alcohol,Gulmohar Greens   Golf Country Club Limited,Gulmohar Greens   Golf   Country Club Limited   next to  Gokul Vrindavan   off Sarkhej   Sanand Highway  Village  Kolat  Taluka  Sanand  District  Ahmedabad,54,4 Star,98523,Dinner
748,Gujarat,Ahmedabad,3.2,Without Alcohol,hotel kristar llp,plot no 233 opp sunvilla zydus hebadpur crossing thaltej ahmedabad gujarat india ,20,4 Star,95823,Lunch
749,Gujarat,Ahmedabad,2,Without Alcohol,HOTEL RAMADA UNIT OF HOTEL SANKALP RECREATION PVT  LTD ,SURVEY NO 948 CORPORATE ROAD PRAHLADNAGAR OFF S G HIGHWAY AHMEDABAD 380015 ,90,4 Star,93724,All meals
750,Gujarat,Ahmedabad,4.9,Without Alcohol,HOTEL SILVER CLOUD,HOTEL SILVER CLOUD  FP NO 726   727  OPP  GANDHI ASHRAM AND DANDI BRIDGE  WADAJ  AHMEDABAD,73,4 Star,98742,Dinner
