S.No.,State,City,Category,Alcohol,Hotel Name,Address,Total Rooms,Ratings,,,,,,,,,,,,,,,,,,,,,,,,,,,,,,,,,,,,,,,,,,,,,,,,
1,Delhi,New Delhi,1 Star,Without Alcohol,Hotel LA  A unit of L A Hotels And Retreats Pvt  Ltd  ,plot no A 1  Community Centre  Road No 43  Mangolpuri Industrial Area Phase   2  Pitampura New Delhi,35,3,,,,,,,,,,,,,,,,,,,,,,,,,,,,,,,,,,,,,,,,,,,,,,,,
2,Gujarat,Adalaj,1 Star,Without Alcohol,Amba Suites  Unit of Amba Township Private Limited,Amba Business Park  Shivam     II  Sub Plot No  M1  Block No  477   478,64,5,,,,,,,,,,,,,,,,,,,,,,,,,,,,,,,,,,,,,,,,,,,,,,,,
3,Gujarat,Ahmedabad,1 Star,Without Alcohol,Hotel Pragati The Grand  A Unit of Pragati The Grand Residency ,SP 2 FP 2342 PAIKI  NR ZYDUS CADILA HOSPITAL HEBATPUR ROAD THALTEJ Ahmedabad,45,4,,,,,,,,,,,,,,,,,,,,,,,,,,,,,,,,,,,,,,,,,,,,,,,,
4,Gujarat,Ahmedabad,1 Star,Without Alcohol,Hotel Rezaas,375 1  Sheetal Baug  Nr  Girish Cold Drink  Off C  G  Road  Mithakhali  Ellisbridge  Ahmedabad 380006,38,2.2,,,,,,,,,,,,,,,,,,,,,,,,,,,,,,,,,,,,,,,,,,,,,,,,
5,Gujarat,Anand,1 Star,Without Alcohol,HOTEL ARIZONA INN,OPP  S R PARK  ANAND  SOJITRA ROAD  ANAND  388001,28,4.5,,,,,,,,,,,,,,,,,,,,,,,,,,,,,,,,,,,,,,,,,,,,,,,,
6,Gujarat,Bhavnagar,1 Star,Without Alcohol,Blackbuck Safari Lodge,Near Narmada Canal  Velavadar  Ayodhyapuram Road  Village Rajgadh  Taluka  District Bhavnagar,18,5,,,,,,,,,,,,,,,,,,,,,,,,,,,,,,,,,,,,,,,,,,,,,,,,
7,Gujarat,Gandhinagar,1 Star,Without Alcohol,7 Wonders,Ugati Corporate Park  Opp  Pratik Mall  Kudasan   Por Road  Kudasan,19,2.2,,,,,,,,,,,,,,,,,,,,,,,,,,,,,,,,,,,,,,,,,,,,,,,,
8,Gujarat,Gandhinagar,1 Star,Without Alcohol,Jinanssh Hotels,White House  Near Vijay Petrol Pump  Opp  Sachivalaya  Sector 11,58,4.4,,,,,,,,,,,,,,,,,,,,,,,,,,,,,,,,,,,,,,,,,,,,,,,,
9,Gujarat,Morvi,1 Star,Without Alcohol,Avadh Fun Hub,Revenue Survey No  609 Paiki 2  Opp  Dhartidhan Hotel  Rajkot Morvi Highway  Nr  Lajai Chowkdi,12,3.2,,,,,,,,,,,,,,,,,,,,,,,,,,,,,,,,,,,,,,,,,,,,,,,,
10,Gujarat,Rajkot,1 Star,Without Alcohol,The Pinevinta Hotel,Near Bombay Petrol Pump  Gondal Road Rajkot,25,2,,,,,,,,,,,,,,,,,,,,,,,,,,,,,,,,,,,,,,,,,,,,,,,,
11,Gujarat,Surat,1 Star,Without Alcohol,GEN X  SURAT  A UNIT OF KADODARA HOTELS ,415  4TH FLOOR  CHHATRALA CITY CENTER  NATIONAL HIGHWAY  08  NEAR KADODARA CHAR RASTA  AT   POST  UMBHEL  TAL  KAMREJ  SURAT 394325 Surat Surat Surat,49,4,,,,,,,,,,,,,,,,,,,,,,,,,,,,,,,,,,,,,,,,,,,,,,,,
12,Gujarat,Vadodara,1 Star,Without Alcohol,HOTEL APPLE GRAND ,SURVEY NO 564 AND 565 N H 08 VILLAGE   TARASALI VADODRA BY PASS,42,3.4,,,,,,,,,,,,,,,,,,,,,,,,,,,,,,,,,,,,,,,,,,,,,,,,
13,Gujarat,Vadodara,1 Star,Without Alcohol,VADPADRAKA HOTEL   RESORT,VADPADRAKA HOTEL   RESORT  SURVEY NO 58 B  PAIKI  BETWEEN SUMANDEEP AND PARUL UNIVERSITY  OPPOSITE VNS HOSTEL AT DATTAPURA  P O  LIMDA 391760  GUJARAT,18,1.2,,,,,,,,,,,,,,,,,,,,,,,,,,,,,,,,,,,,,,,,,,,,,,,,
14,Gujarat,Veraval,1 Star,Without Alcohol,The Divine Water World,Junagadh Somnath Highway  Near Dari Toll Plaza  Opp  Over Bridge  Village Dari,23,3,,,,,,,,,,,,,,,,,,,,,,,,,,,,,,,,,,,,,,,,,,,,,,,,
15,Madhya Pradesh,Dhar,1 Star,Without Alcohol,HOTEL JAHAJMAHAL,MANDU  MADHYA PRADESH,25,4.1,,,,,,,,,,,,,,,,,,,,,,,,,,,,,,,,,,,,,,,,,,,,,,,,
16,Maharashtra,Lonavala,1 Star,Without Alcohol,HOTEL MANIK MOTI,GAT NO 164 KURAVANDE VILLAGE  INS SHIVAJI ROAD  LONAVLA   TAL MAVAL DIST PUNE ,19,2.3,,,,,,,,,,,,,,,,,,,,,,,,,,,,,,,,,,,,,,,,,,,,,,,,
17,Andaman And Nicobar,Port Blair ,2 Star,Without Alcohol,HOTEL SHREESH,LINK ROAD  GOAL GHAR  PORT BLAIR  ANDAMAN   NICOBAR ISLAND Port Blair ,38,4.3,,,,,,,,,,,,,,,,,,,,,,,,,,,,,,,,,,,,,,,,,,,,,,,,
18,Assam,Dibrugarh,2 Star,Without Alcohol,COMFORT HOTEL,ROTARY ROAD  DIBRUGARH  ASSAM 786001 ,26,2.3,,,,,,,,,,,,,,,,,,,,,,,,,,,,,,,,,,,,,,,,,,,,,,,,
19,Assam,Dibrugarh,2 Star,Without Alcohol,Hotel Sanjivani Heritage,Nirmali Gaon  Opposite City College  PO  C R Building,28,3,,,,,,,,,,,,,,,,,,,,,,,,,,,,,,,,,,,,,,,,,,,,,,,,
20,Assam,Guwahati,2 Star,Without Alcohol,HOTEL NEZONE   A UNIT OF NEZONE GLASS PVT  LTD ,N H 37  GARCHUK  NEAR DY 365 NEWS CHANNEL  GUWAHATI  781035,28,2.1,,,,,,,,,,,,,,,,,,,,,,,,,,,,,,,,,,,,,,,,,,,,,,,,
21,Gujarat,Dwarka,2 Star,Without Alcohol,Cygnett Inn Dwarka  Unit of Om Enterprise ,Near Sai Baba Mandir,48,3.6,,,,,,,,,,,,,,,,,,,,,,,,,,,,,,,,,,,,,,,,,,,,,,,,
22,Gujarat,Gandhidham,2 Star,Without Alcohol,RAJVI HOTELS,,40,2.9,,,,,,,,,,,,,,,,,,,,,,,,,,,,,,,,,,,,,,,,,,,,,,,,
23,Gujarat,Gandhidham,2 Star,Without Alcohol,The Neemaya Hotel  A Unit of Hotel Natraj ,Plot No 50  Sector 9  Opp  S T Bus Stand Gandhidham,51,3,,,,,,,,,,,,,,,,,,,,,,,,,,,,,,,,,,,,,,,,,,,,,,,,
24,Gujarat,Gandhinagar,2 Star,Without Alcohol,Hotel The Hillock  A unit of HOTEL HILLOCK PRIVATE LIMITED ,HOTEL HILLOCK  S P RING ROAD BETWEEN VAISJHNODEVI CIRCLE   ZUNDAL CIRCLE  ZUNDAL Gandhinagar,49,4,,,,,,,,,,,,,,,,,,,,,,,,,,,,,,,,,,,,,,,,,,,,,,,,
25,Gujarat,Jamnagar,2 Star,Without Alcohol,Raaj Svasti Inn  Unit of Raaj Enventure Private Limited,Plot No  2   3  R S No 64 1  Near A J Engineering  Jamnagar   Khambhaliya Road  Village Sapar,48,3,,,,,,,,,,,,,,,,,,,,,,,,,,,,,,,,,,,,,,,,,,,,,,,,
26,Gujarat,Kevadiya,2 Star,Without Alcohol,BRG BUDGET STAY  A unit of Anay Associates ,BRG BUDGET STAY NR AAROGYA VAN BHUMALIYA ROAD KEVADIA COLONY DIST NARMADA GUJARAT INDIA,139,1.1,,,,,,,,,,,,,,,,,,,,,,,,,,,,,,,,,,,,,,,,,,,,,,,,
27,Gujarat,Morabi,2 Star,Without Alcohol,Club 36  Unit of Vrunda Entertainment LLP,Rajkot   Morbi Highway  Behind Jog Ashram  Lajai,10,2.3,,,,,,,,,,,,,,,,,,,,,,,,,,,,,,,,,,,,,,,,,,,,,,,,
28,Gujarat,Morvi,2 Star,Without Alcohol,Shiv Hotel,Opp  Shiv Petroleum  Morbi   Halvad Highway  Nichi Mandal,21,2.4,,,,,,,,,,,,,,,,,,,,,,,,,,,,,,,,,,,,,,,,,,,,,,,,
29,Gujarat,Navsari,2 Star,Without Alcohol,HARE KRISHNA HOTEL,Block no 568 2 Block no  573 Village Padgha national highway no  08 nr Veshma Chokdi Navsari 396445 Gujarat,15,4.7,,,,,,,,,,,,,,,,,,,,,,,,,,,,,,,,,,,,,,,,,,,,,,,,
30,Gujarat,Porbandar,2 Star,Without Alcohol,HOTEL BALAJI PALACE,3 WADI POT MG ROAD KAMALA BAUG porbandar 360575,20,4.1,,,,,,,,,,,,,,,,,,,,,,,,,,,,,,,,,,,,,,,,,,,,,,,,
31,Gujarat,Saurashtra,2 Star,Without Alcohol,Rann Riders,Sh 18  Surendranagar  Dasada,29,1.3,,,,,,,,,,,,,,,,,,,,,,,,,,,,,,,,,,,,,,,,,,,,,,,,
32,Gujarat,Vadodara,2 Star,Without Alcohol,EFFOTEL BY SAYAJI,EFFOTEL BY SAYAJI  OPPOSITE RAJSHREE CENTER  NEAR KALAGHODA CIRCLE SAYAJIGUNJ  VADODARA   390 005,83,2.2,,,,,,,,,,,,,,,,,,,,,,,,,,,,,,,,,,,,,,,,,,,,,,,,
33,Himachal Pradesh,Manali,2 Star,Without Alcohol,HOTEL VALLEY OF GODS,VILLAGE   P O VASHISHT  TEHSIL  MANALI DISTT  KULLU  H P ,15,3.6,,,,,,,,,,,,,,,,,,,,,,,,,,,,,,,,,,,,,,,,,,,,,,,,
34,Kerala,Thiruvananthapuram,2 Star,Without Alcohol,Hotel Marine Palace ,Beach Road   Hawah Beach  Kovalam P O   Thiruvananthapuram Dist   Kerala   Pin 695527,20,3.7,,,,,,,,,,,,,,,,,,,,,,,,,,,,,,,,,,,,,,,,,,,,,,,,
35,Kerala,Thiruvananthapuram,2 Star,Without Alcohol,JEEVAN AYURVEDIC BEACH RESORT,LIGHT HOUSE BEACH  KOVALAM  VIZHINJAM P O,14,4.6,,,,,,,,,,,,,,,,,,,,,,,,,,,,,,,,,,,,,,,,,,,,,,,,
36,Maharashtra,Kollhapur,2 Star,Without Alcohol,Hotel Vrishali Executive  A unit of Vrishali Hotels Pvt  Ltd  ,39 A 2  TARABAI PARK Kollhapur,84,1,,,,,,,,,,,,,,,,,,,,,,,,,,,,,,,,,,,,,,,,,,,,,,,,
37,Maharashtra,SANTACURZ,2 Star,Without Alcohol,HOTEL AIRLINK,75 OFF NEHRU ROAD NEAR SANTACRUZ AIRPORT  VILE PARLE EAST   MUMBAI 400099 ,39,4.4,,,,,,,,,,,,,,,,,,,,,,,,,,,,,,,,,,,,,,,,,,,,,,,,
38,Odisha,Sambalpur,2 Star,Without Alcohol,Welcome Spa and Resort,At Po  Majhilali  PS  Sasan  Sambalpur,41,3.4,,,,,,,,,,,,,,,,,,,,,,,,,,,,,,,,,,,,,,,,,,,,,,,,
39,Rajasthan,Alwar,2 Star,Without Alcohol,SPARROW INN  A Unit of Alwar Hospitality Pvt  Ltd  ,MANU MARG  ALWAR Alwar,19,1.6,,,,,,,,,,,,,,,,,,,,,,,,,,,,,,,,,,,,,,,,,,,,,,,,
40,Andhra Pradesh,East Godavari,3 Star,Without Alcohol,HOTEL SHELTON RAJAMAHENDRI,87 1 19B  AYYAPPA NAGAR  NEAR APSRTC COMPLEX ROAD  RAJAHMUNDRY ,97,3.5,,,,,,,,,,,,,,,,,,,,,,,,,,,,,,,,,,,,,,,,,,,,,,,,
41,Andhra Pradesh,Kakinada,3 Star,Without Alcohol,Royal Park Sri Adilakshmi Property Developers Pvt  Ltd  ,Royal Park  Sri Adilakshmi Property Developers Pvt  Ltd   D No   19 1 107  Kosurivari Street  Kakinada 533001  East Godavari  Andhra Pradesh ,84,2.4,,,,,,,,,,,,,,,,,,,,,,,,,,,,,,,,,,,,,,,,,,,,,,,,
42,Andhra Pradesh,Kurnool,3 Star,Without Alcohol,Triguna Clarks Inn,Adjacent to bus stand  Kallur Road,49,4,,,,,,,,,,,,,,,,,,,,,,,,,,,,,,,,,,,,,,,,,,,,,,,,
43,Andhra Pradesh,Nellore,3 Star,Without Alcohol,MINERVA GRAND   NELLORE,MINERVA GRAND   A UNIT OF SECUNDERABAD HOTELS PVT LTD  24 2 474 1  DARGAMITTA  G T ROAD  NELLORE  ANDHRA PRADESH   524 003 Nellore,106,3,,,,,,,,,,,,,,,,,,,,,,,,,,,,,,,,,,,,,,,,,,,,,,,,
44,Andhra Pradesh,Rajahmundry,3 Star,Without Alcohol,La Hospin Hotel Rajahmundry  A unit of La Hospin Hotels and Resorts Private Limited ,NEAR PUSHKARGHAT  RAJAHMUNDRY Rajahmundry Rajahmundry,69,1.1,,,,,,,,,,,,,,,,,,,,,,,,,,,,,,,,,,,,,,,,,,,,,,,,
45,Andhra Pradesh,Rajam,3 Star,Without Alcohol,River Bay Resort,D No 5 1 36  River Bay Road  Near ISKCON Temple  Gautama Ghat  Rajamahendravaram,68,2.3,,,,,,,,,,,,,,,,,,,,,,,,,,,,,,,,,,,,,,,,,,,,,,,,
46,Andhra Pradesh,Tirupati,3 Star,Without Alcohol,BHIMAS RESIDENCY HOTEL  A UNIT OF BHIMAS RESIDENCY HOTELS PRIVATE LIMITED ,19 3 41  NEAR RAILWAY OVER BRIDGE  RENIGUNTA ROAD  TIRUPATI Tirupati Tirupati Tirupati,48,2.4,,,,,,,,,,,,,,,,,,,,,,,,,,,,,,,,,,,,,,,,,,,,,,,,
47,Andhra Pradesh,Tirupati,3 Star,Without Alcohol,FORTUNE KENCES HOTEL,OPP  APS RTC BUS TERMINAL  TIRUPATI,126,4.7,,,,,,,,,,,,,,,,,,,,,,,,,,,,,,,,,,,,,,,,,,,,,,,,
48,Andhra Pradesh,Tirupati,3 Star,Without Alcohol,Hotel Bliss,Door No 19 3 45  Ramanuja Circle Renigunta Road Tirupati Tirupati,92,4.1,,,,,,,,,,,,,,,,,,,,,,,,,,,,,,,,,,,,,,,,,,,,,,,,
49,Andhra Pradesh,Tirupati,3 Star,Without Alcohol,Minerva Grand Tirupati,19 3 39  Renigunta Road  Nr Rly Flyover Bridge  Tirupati,69,1.3,,,,,,,,,,,,,,,,,,,,,,,,,,,,,,,,,,,,,,,,,,,,,,,,
50,Andhra Pradesh,Vijayawada,3 Star,Without Alcohol,HOTEL AJANTHA EVERGREEN,D  NO  29 13 15  KALESHWAR RAO STREET  NAKKAL ROAD,36,4.6,,,,,,,,,,,,,,,,,,,,,,,,,,,,,,,,,,,,,,,,,,,,,,,,
51,Andhra Pradesh,Vijayawada,3 Star,Without Alcohol,Hotel Manorama A Unit of Welcome Poorna Enterprises Private Limited ,27 37 157 M G Road Governor Pet ,70,3,,,,,,,,,,,,,,,,,,,,,,,,,,,,,,,,,,,,,,,,,,,,,,,,
52,Andhra Pradesh,Vijayawada,3 Star,Without Alcohol,HOTEL MIDCITY,A Unit of Sri Venkateswara Theatre  38 8 45  M G Road  Punnammathota  Opp All India Radio Station  ,44,5,,,,,,,,,,,,,,,,,,,,,,,,,,,,,,,,,,,,,,,,,,,,,,,,
53,Andhra Pradesh,Vijayawada,3 Star,Without Alcohol,THE KAY HOTEL,48 12 4 1 GUNADALA VIJAYAWADA ,40,4,,,,,,,,,,,,,,,,,,,,,,,,,,,,,,,,,,,,,,,,,,,,,,,,
54,Andhra Pradesh,Visakhapatnam,3 Star,Without Alcohol,BEST WESTERN RAMACHANDRA,8 8 36 Main Road  Old Gajuwaka,64,2.2,,,,,,,,,,,,,,,,,,,,,,,,,,,,,,,,,,,,,,,,,,,,,,,,
55,Andhra Pradesh,Visakhapatnam,3 Star,Without Alcohol,FAIRFIELD BY MARRIOTT,K S R DEVELOPERS PVT LTD  SURVEY NO 106 1B2 PART  WARD NO 39 MADHAVDHARA NEAR R B JUNCTION NH 5ROAD  VISAKHAPATNAM 530018,121,4.5,,,,,,,,,,,,,,,,,,,,,,,,,,,,,,,,,,,,,,,,,,,,,,,,
56,Arunachal Pradesh,Itanagar,3 Star,Without Alcohol,Cygnett Inn Trendz,Chandra Nagar  Nrae DC Capital Complex Itanagar,32,5,,,,,,,,,,,,,,,,,,,,,,,,,,,,,,,,,,,,,,,,,,,,,,,,
57,Arunachal Pradesh,Itanagar,3 Star,Without Alcohol,Waii International Hotel,Mesueme Colony  Near State Meuseum  Itanagar Papum Pare District ,50,2.2,,,,,,,,,,,,,,,,,,,,,,,,,,,,,,,,,,,,,,,,,,,,,,,,
58,Arunachal Pradesh,West Kameng,3 Star,Without Alcohol,NORPHEL RETREAT DIRANG,Rungkhung Dirang  West Kameng District 790101 West Kameng,45,4.4,,,,,,,,,,,,,,,,,,,,,,,,,,,,,,,,,,,,,,,,,,,,,,,,
59,Assam,Dibrugarh,3 Star,Without Alcohol,Hotel Rainbow ,T R Phukan Road  West chowkidinghee  Dibrugarh Dibrugarh,25,3.2,,,,,,,,,,,,,,,,,,,,,,,,,,,,,,,,,,,,,,,,,,,,,,,,
60,Assam,Dibrugarh,3 Star,Without Alcohol,PUSHKARA GARDEN,Natun Gaon  Dibrugarh,60,2,,,,,,,,,,,,,,,,,,,,,,,,,,,,,,,,,,,,,,,,,,,,,,,,
61,Assam,Guwahati,3 Star,Without Alcohol,DICHANG RESORT,Sonapur  Pathorkuchi  N H 37,57,4.7,,,,,,,,,,,,,,,,,,,,,,,,,,,,,,,,,,,,,,,,,,,,,,,,
62,Assam,Guwahati,3 Star,Without Alcohol,HOTEL CITYWALK INTERNATIONAL,B BAROOAH ROAD  ULUBARI  GUWAHATI,41,5,,,,,,,,,,,,,,,,,,,,,,,,,,,,,,,,,,,,,,,,,,,,,,,,
63,Assam,Guwahati,3 Star,Without Alcohol,Hotel Paramount Palacio,Opp Farm Gate  Above Poddar Car World  G S  Road  Khanapara  Guwahati Guwahati,25,2.4,,,,,,,,,,,,,,,,,,,,,,,,,,,,,,,,,,,,,,,,,,,,,,,,
64,Assam,Guwahati,3 Star,Without Alcohol,Mayflower Hotel  A Unit of Mayflower Hotels and Resorts LLP ,MLN ROAD PANBAZAR Guwahati,36,3.1,,,,,,,,,,,,,,,,,,,,,,,,,,,,,,,,,,,,,,,,,,,,,,,,
65,Assam,Guwahati,3 Star,Without Alcohol,The Lily Hotel,G S  ROAD  SIX MILE   KHANAPARA  GUWAHATI,78,2.6,,,,,,,,,,,,,,,,,,,,,,,,,,,,,,,,,,,,,,,,,,,,,,,,
66,Assam,Jorhat,3 Star,Without Alcohol,Gulmohar Grand  an Unit of Borthakur Developers ,Choladhara Road  Jorhat 785001  Assam,26,1.4,,,,,,,,,,,,,,,,,,,,,,,,,,,,,,,,,,,,,,,,,,,,,,,,
67,Assam,Kokrajhar,3 Star,Without Alcohol,HOTEL GAURANG VALLEY,J D  ROAD  TENGAPARA  WARD NO  5  KOKRAJHAR,62,4.9,,,,,,,,,,,,,,,,,,,,,,,,,,,,,,,,,,,,,,,,,,,,,,,,
68,Assam,Mangaldoi,3 Star,Without Alcohol,Repose Highway Resort  A unit of Repose Highway Resort Private Limited ,Vill Boinaojha  Aulachowka  P O    P S  Magnaldoi  Discrict   Darrang Mangaldoi,20,1.9,,,,,,,,,,,,,,,,,,,,,,,,,,,,,,,,,,,,,,,,,,,,,,,,
69,Assam,Nagaon,3 Star,Without Alcohol,HOTEL BLUE BIRD,MADHAB DEV ROAD  NORTH HAIBARGAON,22,2.9,,,,,,,,,,,,,,,,,,,,,,,,,,,,,,,,,,,,,,,,,,,,,,,,
70,Bihar,Bodhgaya,3 Star,Without Alcohol,Oaks Bodhgaya  A unit of Bodhi Hotel and Resorts Pvt  Ltd  ,Khata No  141  Plot No  80 and Khata No  778  Plot No  97  P S    Bodhgaya  Thana No  359  District   Gaya  Bihar Bodhgaya,78,3.7,,,,,,,,,,,,,,,,,,,,,,,,,,,,,,,,,,,,,,,,,,,,,,,,
71,Chhattisgarh,Bilaspur,3 Star,Without Alcohol,COURTYARD BY MARRIOTT BILASPUR ,COURTYARD BY MARRIOTT BILASPUR City Mall 36  Mangla Chowk  Bilaspur     495001,100,3.5,,,,,,,,,,,,,,,,,,,,,,,,,,,,,,,,,,,,,,,,,,,,,,,,
72,Chhattisgarh,Bilaspur,3 Star,Without Alcohol,Hotel Intercity International,Jagmal Chowk,39,3.1,,,,,,,,,,,,,,,,,,,,,,,,,,,,,,,,,,,,,,,,,,,,,,,,
73,Chhattisgarh,Bilaspur,3 Star,Without Alcohol,THE EMERALD,NEAR OLD BUS STAND TELEPHONE EXCHANGE ROAD ,22,4.1,,,,,,,,,,,,,,,,,,,,,,,,,,,,,,,,,,,,,,,,,,,,,,,,
74,Chhattisgarh,Durg Bhilai Nagar,3 Star,Without Alcohol,Hotel Ashish International,G E Road  Power House,17,3.1,,,,,,,,,,,,,,,,,,,,,,,,,,,,,,,,,,,,,,,,,,,,,,,,
75,Chhattisgarh,Durg Bhilai Nagar,3 Star,Without Alcohol,Hotel Grand Dhillon,A 1 Nehru Parisar   Nehru Nagar Square GE Road Bhilai ,39,4.6,,,,,,,,,,,,,,,,,,,,,,,,,,,,,,,,,,,,,,,,,,,,,,,,
76,Chhattisgarh,Korba,3 Star,Without Alcohol,hotel relax inn,korba champa road urga,42,,,,,,,,,,,,,,,,,,,,,,,,,,,,,,,,,,,,,,,,,,,,,,,,,
77,Chhattisgarh,Raigarh,3 Star,Without Alcohol,Hotel Accordd Premier  ACCORDD Chain of Hotels ,Hotel Accordd Premier Jagatpur Dhimrapur Road Raigarh Raigarh,35,,,,,,,,,,,,,,,,,,,,,,,,,,,,,,,,,,,,,,,,,,,,,,,,,
78,Chhattisgarh,Raigarh,3 Star,Without Alcohol,Hotel Ans International,Jagatpur   Dhimrapur Road  Raigarh  Chattisgarh Raigarh Raigarh,71,,,,,,,,,,,,,,,,,,,,,,,,,,,,,,,,,,,,,,,,,,,,,,,,,
79,Chhattisgarh,Raipur ,3 Star,Without Alcohol,GREENWOOD FOURSEASONS ,GREENWOOD FOURSEASONS  VIP ROAD  PURENA  ,15,,,,,,,,,,,,,,,,,,,,,,,,,,,,,,,,,,,,,,,,,,,,,,,,,
80,Chhattisgarh,Raipur ,3 Star,Without Alcohol,HOTEL GAGAN REGENCY,OPP  GATE NO  1  AIIMS  G  E  ROAD  TATIBANDH  RAIPUR  C G   PIN 492001 ,26,4,,,,,,,,,,,,,,,,,,,,,,,,,,,,,,,,,,,,,,,,,,,,,,,,
81,Chhattisgarh,Raipur ,3 Star,Without Alcohol,HOTEL IVY,PRIYADARSHINI NAGAR  NEAR PACHPEDI NAKA,38,3,,,,,,,,,,,,,,,,,,,,,,,,,,,,,,,,,,,,,,,,,,,,,,,,
82,Chhattisgarh,Raipur ,3 Star,Without Alcohol,HOTEL KINGSWAY,RING ROAD NO  1 NEAR AIRTEL OFFICE TELIBANDHA RAIPUR ,30,1.1,,,,,,,,,,,,,,,,,,,,,,,,,,,,,,,,,,,,,,,,,,,,,,,,
83,Chhattisgarh,Raipur ,3 Star,Without Alcohol,HOTEL SOLITAIRE   A UNIT OF R R S K ENTERPRISES ,BEHIND STATE BANK OF INDIA MAIN BRANCH ANAND TAKIES ROAD NEAR JAISTAMBH CHOWK RAIPUR  C G  ,48,2.3,,,,,,,,,,,,,,,,,,,,,,,,,,,,,,,,,,,,,,,,,,,,,,,,
84,Chhattisgarh,Raipur ,3 Star,Without Alcohol,HOTEL THE GOLDEN OAK,J B  MALL NEAR GURUNANAK CHOWK M  G  ROAD  RAIPUR,28,2.4,,,,,,,,,,,,,,,,,,,,,,,,,,,,,,,,,,,,,,,,,,,,,,,,
85,Chhattisgarh,Raipur ,3 Star,Without Alcohol,RMV RESORT AND HOTELS PVT LTD,HOTEL VW CANYON  NEAR   AGRASEN DHAM  VIP ROAD   II  PHUNDAHAR  RAIPUR   492006  CHHATTISHGARH,111,4.7,,,,,,,,,,,,,,,,,,,,,,,,,,,,,,,,,,,,,,,,,,,,,,,,
86,Chhattisgarh,Rajnandgaon,3 Star,Without Alcohol,Hotel Awana,Near New Gurudwara  GE Road  Rajnandgoan Rajnandgaon,15,4.1,,,,,,,,,,,,,,,,,,,,,,,,,,,,,,,,,,,,,,,,,,,,,,,,
87,Delhi,New Delhi,3 Star,Without Alcohol,HOTEL THE MANOR,77 FREINDS COLONY  W  NEW DELHI  110065,12,1.3,,,,,,,,,,,,,,,,,,,,,,,,,,,,,,,,,,,,,,,,,,,,,,,,
88,Goa,Margao,3 Star,Without Alcohol,Hotel Nanutel Margao,Padre Miranda Road,55,3,,,,,,,,,,,,,,,,,,,,,,,,,,,,,,,,,,,,,,,,,,,,,,,,
89,Goa,vasco da gama,3 Star,Without Alcohol,Hotel La Paz Gardens  A unit of Hotel La Paz Gardens Pvt  Ltd  ,Swatantra Path  Vasco da Gama vasco da gama vasco da gama,73,5,,,,,,,,,,,,,,,,,,,,,,,,,,,,,,,,,,,,,,,,,,,,,,,,
90,Gujarat,Ahmedabad,3 Star,Without Alcohol,Aarya Grand Hotels Resorts,Kargil Petrol Pump Lane  Near Gujarat High Court  Sarkhej   Gandhinagar Highway,105,4,,,,,,,,,,,,,,,,,,,,,,,,,,,,,,,,,,,,,,,,,,,,,,,,
91,Gujarat,Ahmedabad,3 Star,Without Alcohol,AJU IMPERIAL HOTEL  A UNIT OF AJU RYOKAN NCR PVT LTD  ,Survey No  414  Village Jalisana  Jalisana to Nayakpur Road Taluka  Mandal  Distt  Ahmedabad  Gujarat 382120,107,2.2,,,,,,,,,,,,,,,,,,,,,,,,,,,,,,,,,,,,,,,,,,,,,,,,
92,Gujarat,Ahmedabad,3 Star,Without Alcohol,AVALON HOTEL AND BANQUETS,OPP MANGO GARDEN BUNGLOWS  NEAR SINDHU BHAVAN ROAD OFF S G  HIGHWAY BODAKDEV,46,4.5,,,,,,,,,,,,,,,,,,,,,,,,,,,,,,,,,,,,,,,,,,,,,,,,
93,Gujarat,Ahmedabad,3 Star,Without Alcohol,Belvedere Club  A unit of BELVEDERE GOLF AND COUNTRY CLUB PVT LTD,ADANI SHANTIGRAM  S G HIGHWAY  NEAR VAISHNODEVI CIRCLE Ahmedabad,55,5,,,,,,,,,,,,,,,,,,,,,,,,,,,,,,,,,,,,,,,,,,,,,,,,
94,Gujarat,Ahmedabad,3 Star,Without Alcohol,Bloom Suites  A unit of Ms Rising Hotel Limited ,Surdhara Circle  Off Drive In Road  Thaltej  Ahmedabad Ahmedabad,68,2.2,,,,,,,,,,,,,,,,,,,,,,,,,,,,,,,,,,,,,,,,,,,,,,,,
95,Gujarat,Ahmedabad,3 Star,Without Alcohol,Comfort Inn President  A unit of Sun N Silver Inn Pvt  Ltd ,OPP MUNICIPAL MARKET  OFF C G ROAD  NAVRANGPURA  AHMEDABAD Ahmedabad,57,4.4,,,,,,,,,,,,,,,,,,,,,,,,,,,,,,,,,,,,,,,,,,,,,,,,
96,Gujarat,Ahmedabad,3 Star,Without Alcohol,COMFORT INN SUNSET,AIRPORT CIRCLE HANSOL AHMEDABAD,57,3.2,,,,,,,,,,,,,,,,,,,,,,,,,,,,,,,,,,,,,,,,,,,,,,,,
97,Gujarat,Ahmedabad,3 Star,Without Alcohol,HOTEL CENTRA,KHANPUR  AHMEDABAD 380001,37,2,,,,,,,,,,,,,,,,,,,,,,,,,,,,,,,,,,,,,,,,,,,,,,,,
98,Gujarat,Ahmedabad,3 Star,Without Alcohol,HOTEL NALANDA,MITHAKHALI SIX ROADS  NEAR LIONS HALL  ELLISBRIDGE  AHMEDABAD   380 006,43,,,,,,,,,,,,,,,,,,,,,,,,,,,,,,,,,,,,,,,,,,,,,,,,,
99,Gujarat,Ahmedabad,3 Star,Without Alcohol,Hotel Silvera Grand,Unit of Silvera Hotels  Dehgam Circle  S P Ring Road  Hanspura  Village Bilasiya,21,1,,,,,,,,,,,,,,,,,,,,,,,,,,,,,,,,,,,,,,,,,,,,,,,,
100,Gujarat,Ahmedabad,3 Star,Without Alcohol,Palm Greens Club  Unit of Snesh Resorts Private Limited,NH No 8  Bareja   Kheda Highway  Village Goblaj  Near Bareja Ahmedabad,62,4.4,,,,,,,,,,,,,,,,,,,,,,,,,,,,,,,,,,,,,,,,,,,,,,,,
101,Gujarat,Ahmedabad,3 Star,Without Alcohol,Regenta Central Antarim ,A Unit of Antarim Hotel LLP  Between Girish Cold Drink   St Xaviers Corner  C G Road  Navrangpura Ahmedabad,73,3.4,,,,,,,,,,,,,,,,,,,,,,,,,,,,,,,,,,,,,,,,,,,,,,,,
102,Gujarat,Ahmedabad,3 Star,Without Alcohol,Regenta Inn   Ranip,Arved Transcube Plaza  Opp Adi Jati Girls Hostel  132 Ft Ring Road  Ranip Ahmedabad,102,1.6,,,,,,,,,,,,,,,,,,,,,,,,,,,,,,,,,,,,,,,,,,,,,,,,
103,Gujarat,Ahmedabad,3 Star,Without Alcohol,TGB EXPRESS HOTEL  A UNIT OF HOTEL PALMLAKE  KANKARIA  PVT  LTD ,TGB EXPRESS HOTEL  NR  JALDHARA WATER PARK  KANKARIA GATE 5  MANINAGAR Ahmedabad Ahmedabad Ahmedabad,33,3.5,,,,,,,,,,,,,,,,,,,,,,,,,,,,,,,,,,,,,,,,,,,,,,,,
104,Gujarat,Anand,3 Star,Without Alcohol,Humming Bird Hotel and Banquet,Behind Architect College  Near University Library  Iscon Temple Road  V V  Nagar  Anand,38,2.4,,,,,,,,,,,,,,,,,,,,,,,,,,,,,,,,,,,,,,,,,,,,,,,,
105,Gujarat,Anand,3 Star,Without Alcohol,LA CASA INN ,UNIT OF SHREE A   A COMPANY,44,4,,,,,,,,,,,,,,,,,,,,,,,,,,,,,,,,,,,,,,,,,,,,,,,,
106,Gujarat,Bharuch,3 Star,Without Alcohol,Regenta Central Harimangla,Near ABC Cir  Old N H  8  Bholav  Bharuch  Gujarat 392015,104,3,,,,,,,,,,,,,,,,,,,,,,,,,,,,,,,,,,,,,,,,,,,,,,,,
107,Gujarat,Bharuch,3 Star,Without Alcohol,Regenta Central Hestia Dahej,SURVEY NO 106  VILLAGE  BHENSALI  TALUKA  VAGRA ,69,1.1,,,,,,,,,,,,,,,,,,,,,,,,,,,,,,,,,,,,,,,,,,,,,,,,
108,Gujarat,Bharuch,3 Star,Without Alcohol,VEDIK RESORT,SURVEY NO 45  OLPAD SAHOL ROAD  VILLAGE SAHOL  BHARUCH GUJARAT 394810,129,2.3,,,,,,,,,,,,,,,,,,,,,,,,,,,,,,,,,,,,,,,,,,,,,,,,
109,Gujarat,Bhavnagar,3 Star,Without Alcohol,Top3 Lords Resort  A unit of Tree Top Resorts Spa Pvt  Ltd  ,Plot No 1   2  Near BPCL Petrol Pump  Budhel     Vartej Cross Road   Bhavnagar   Gujarat  364002,39,2.4,,,,,,,,,,,,,,,,,,,,,,,,,,,,,,,,,,,,,,,,,,,,,,,,
110,Gujarat,Bhavnagar,3 Star,Without Alcohol,VIRGO SUMERU,PLOT NO  109 A BESIDE STERLING POINT WAGHAWADI ROAD Bhavnagar,33,,,,,,,,,,,,,,,,,,,,,,,,,,,,,,,,,,,,,,,,,,,,,,,,,
111,Gujarat,Bhuj,3 Star,Without Alcohol,HOTEL COMFORT INN PRINCE ,STATION ROAD Bhuj,44,4,,,,,,,,,,,,,,,,,,,,,,,,,,,,,,,,,,,,,,,,,,,,,,,,
112,Gujarat,Bhuj,3 Star,Without Alcohol,HOTEL ILARK,Nr RAVI CINEMA STATION ROAD,29,3,,,,,,,,,,,,,,,,,,,,,,,,,,,,,,,,,,,,,,,,,,,,,,,,
113,Gujarat,Bhuj,3 Star,Without Alcohol,HOTEL SEVEN SKY,SEVEN SKY ENTERTAINMENT PVT LTD  AIRPORT ROAD  BHUJ   KUTCHH  PIN 370001  GUJARAT,82,1.1,,,,,,,,,,,,,,,,,,,,,,,,,,,,,,,,,,,,,,,,,,,,,,,,
114,Gujarat,Bhuj,3 Star,Without Alcohol,LaKamp Resort  Unit of Kashish Resort ,Survey No 116 1  Near Rudra Mata Temple  Village Saraspar  Taluka Bhuj  Dist  Kutch 370001  Bhuj Bhuj,29,2.3,,,,,,,,,,,,,,,,,,,,,,,,,,,,,,,,,,,,,,,,,,,,,,,,
115,Gujarat,Bhuj,3 Star,Without Alcohol,The Fern Residency Bhuj  A unit of Ms THE BESIL INN ,Bhuj Anjar Highway Near Tulsi Hotel Madhavpar Bhuj,46,2.4,,,,,,,,,,,,,,,,,,,,,,,,,,,,,,,,,,,,,,,,,,,,,,,,
116,Gujarat,Dang,3 Star,Without Alcohol,Sunotel,Sunotel Unit of Shriji Resort Hotels Pvt  Ltd  Opp Lake Garden  Nageshwar Mahadev Temple Road  Saputara,90,4.7,,,,,,,,,,,,,,,,,,,,,,,,,,,,,,,,,,,,,,,,,,,,,,,,
117,Gujarat,Dwarka,3 Star,Without Alcohol,Bapu   s Resort  Unit of Bapu Enterprise ,S NO 389P1  NH 8E Village Vachhu  Dwarka  Dwarka Dwarka ,52,4.1,,,,,,,,,,,,,,,,,,,,,,,,,,,,,,,,,,,,,,,,,,,,,,,,
118,Gujarat,Jamnagar,3 Star,Without Alcohol,Highway Hari,Jamnagar Dwarka Highway  Near Vasai Toll booth  Ravalsar Patiya  ,19,1.3,,,,,,,,,,,,,,,,,,,,,,,,,,,,,,,,,,,,,,,,,,,,,,,,
119,Gujarat,Kutch,3 Star,Without Alcohol,ambar sarovar portico,plot no 100 sector 8 near oslo circle Gandhidham Kutch Gujarat Pin 370201,58,3,,,,,,,,,,,,,,,,,,,,,,,,,,,,,,,,,,,,,,,,,,,,,,,,
120,Gujarat,Mahesana,3 Star,Without Alcohol,HOTEL SHIVALIK,Nugar Bypass Highway Iskon Circle Opp Essar Petrol Pump  Nugar Mehsana,30,5,,,,,,,,,,,,,,,,,,,,,,,,,,,,,,,,,,,,,,,,,,,,,,,,
121,Gujarat,Morabi,3 Star,Without Alcohol,Sarovar Portico  Unit of Specific Ceramic Hotel,Iskon Tiles Zone  8 A National Highway  Rafaleshwar,59,4,,,,,,,,,,,,,,,,,,,,,,,,,,,,,,,,,,,,,,,,,,,,,,,,
122,Gujarat,Morbi,3 Star,Without Alcohol,Khajoora Hotel n Resort,Rajkot   Morbi HIghway  Tankara,40,2.2,,,,,,,,,,,,,,,,,,,,,,,,,,,,,,,,,,,,,,,,,,,,,,,,
123,Gujarat,Morvi,3 Star,Without Alcohol,DARIYALAL HOTEL ,Survey no  66 paiki 1  66 paiki 2 and 68 paiki 2  Village  Jambudiya  Taluka  Morbi  District  Morbi 363642,18,4.5,,,,,,,,,,,,,,,,,,,,,,,,,,,,,,,,,,,,,,,,,,,,,,,,
124,Gujarat,Morvi,3 Star,Without Alcohol,HOTEL THE GRAND VAIBHAV,LAKHDHIRPUR ROAD  N H  8A  MORBI   363642,35,5,,,,,,,,,,,,,,,,,,,,,,,,,,,,,,,,,,,,,,,,,,,,,,,,
125,Gujarat,Morvi,3 Star,Without Alcohol,Lords Eco Inn unit of Hotel Seven Paradise,Pipli Jetpar Road  Seven Cera Mall  Village Bela  Morbi,40,2.2,,,,,,,,,,,,,,,,,,,,,,,,,,,,,,,,,,,,,,,,,,,,,,,,
126,Gujarat,Morvi,3 Star,Without Alcohol,OAK TREE,SURVEY NO 22 JAMBUDIYA N H NO 27 A MORBI 363641 ,52,4.4,,,,,,,,,,,,,,,,,,,,,,,,,,,,,,,,,,,,,,,,,,,,,,,,
127,Gujarat,Morvi,3 Star,Without Alcohol,Regenta Inn Unit of Hotel The Grand Dharmendra,Near HDFC Bank opp  shakti Chamber 8 a Natioanl highway lalpar Road Morvi,54,3.2,,,,,,,,,,,,,,,,,,,,,,,,,,,,,,,,,,,,,,,,,,,,,,,,
128,Gujarat,Porbandar,3 Star,Without Alcohol,LORDS ECO INN,Chowpati Road  Near Circuit House ,29,2.4,,,,,,,,,,,,,,,,,,,,,,,,,,,,,,,,,,,,,,,,,,,,,,,,
129,Gujarat,Porbandar,3 Star,Without Alcohol,Lords Eco Inn   A Unit of Delite Enterprise   ,Near Circuit House   Chopati Road   Porbandar ,29,3.1,,,,,,,,,,,,,,,,,,,,,,,,,,,,,,,,,,,,,,,,,,,,,,,,
130,Gujarat,Rajkot,3 Star,Without Alcohol,AARYARAJ CLUB AND RESORTS,Opposite Gardi Vidyapith  Kallavad Road Chappra Rajkot 361162 Rajkot Rajkot,28,2.6,,,,,,,,,,,,,,,,,,,,,,,,,,,,,,,,,,,,,,,,,,,,,,,,
131,Gujarat,Rajkot,3 Star,Without Alcohol,Hotel Comfort INN Legacy  Prop  S Kumar Associates Private Limited ,Limada Chowk  Near Lalbahadur Shastri Maidan  Panchnath Road ,37,1.4,,,,,,,,,,,,,,,,,,,,,,,,,,,,,,,,,,,,,,,,,,,,,,,,
132,Gujarat,Rajkot,3 Star,Without Alcohol,Hotel KK Beacon  A Unit of Hotel K K   India  Private Limited ,The KK Circle  Kalawad Main Road  Rajkot Rajkot Rajkot Rajkot,34,4.9,,,,,,,,,,,,,,,,,,,,,,,,,,,,,,,,,,,,,,,,,,,,,,,,
133,Gujarat,Rajkot,3 Star,Without Alcohol,Krishna Park Resort  A unit of Messrs Hotel Krishna Park Nursary ,Krishna Park Circle  Gondal Road  Vavdi  Rajkot Rajkot,29,1.9,,,,,,,,,,,,,,,,,,,,,,,,,,,,,,,,,,,,,,,,,,,,,,,,
134,Gujarat,Rajkot,3 Star,Without Alcohol,marasa sarovar portico rajkot ,dr  rajendra prasad road  limda chowk  opposite shastri maidan rajkot ,68,2.9,,,,,,,,,,,,,,,,,,,,,,,,,,,,,,,,,,,,,,,,,,,,,,,,
135,Gujarat,Rajkot,3 Star,Without Alcohol,Phoenix Hospitality,Kalawad Road  Ishwariya Road Corner  Rajkot   Gujarat,24,3.7,,,,,,,,,,,,,,,,,,,,,,,,,,,,,,,,,,,,,,,,,,,,,,,,
136,Gujarat,Rajkot,3 Star,Without Alcohol,REGENCY LAGOON RESORT,NYARI DAM ROAD  OFF  KALAWAD ROAD  RAJKOT,120,3.5,,,,,,,,,,,,,,,,,,,,,,,,,,,,,,,,,,,,,,,,,,,,,,,,
137,Gujarat,Rajkot,3 Star,Without Alcohol,Regenta Central Rajkot  Unit of P P Developers ,Everest Park  Kalawad Road,92,3.1,,,,,,,,,,,,,,,,,,,,,,,,,,,,,,,,,,,,,,,,,,,,,,,,
138,Gujarat,Sanand,3 Star,Without Alcohol,Ginger Sanand,NH 8A  Mahalaxmi Industrial Estate  Village Iyava  Sanand Viramgam Highway  Ahead Essar petrol pump  Opp Hanuman Mandir  Sanand,104,4.1,,,,,,,,,,,,,,,,,,,,,,,,,,,,,,,,,,,,,,,,,,,,,,,,
139,Gujarat,Saurashtra,3 Star,Without Alcohol,LORDS RESORT A UNIT OF SETU JOY PVT  LTD ,JOLLY ENJOY  R S  NO  64 P1 P2  NATIONAL HIGHWAY 8A  VILLAGE MAGHARIKHADA  TAL  CHOTILA  DIST  SURENDRANAGAR   363520,42,3.1,,,,,,,,,,,,,,,,,,,,,,,,,,,,,,,,,,,,,,,,,,,,,,,,
140,Gujarat,Surat,3 Star,Without Alcohol,SHILPI HILL RESORT,SAPUTARA  DIST DANG GUJARAT,68,4.6,,,,,,,,,,,,,,,,,,,,,,,,,,,,,,,,,,,,,,,,,,,,,,,,
141,Gujarat,Surat,3 Star,Without Alcohol,The Amore Banquets,Near V R Mall  Next to BPCL Petrol Pump  Magdalla,17,1.1,,,,,,,,,,,,,,,,,,,,,,,,,,,,,,,,,,,,,,,,,,,,,,,,
142,Gujarat,Talaja,3 Star,Without Alcohol,The Postcard Gir Wildlife Sanctuary  A unit of The General s Retreat Gir ,KHATA NUMBER 75 SURVEY NUMBER 57 1A P8 VILLAGE SANGODARA  Talaja,15,2.3,,,,,,,,,,,,,,,,,,,,,,,,,,,,,,,,,,,,,,,,,,,,,,,,
143,Gujarat,Vadodara,3 Star,Without Alcohol, The Fern  Akota Vadodara  A unit of Nand Hospitality Pvt  Ltd   ,PLOT NO 11  GOKHLE COLONY  BEHIND DINESH MILL  AKOTA Vadodara Vadodara Vadodara,72,2.4,,,,,,,,,,,,,,,,,,,,,,,,,,,,,,,,,,,,,,,,,,,,,,,,
144,Gujarat,Vadodara,3 Star,Without Alcohol,COMFORT INN DONIL  MANISH EMPIRE ,OPP  RTO DARJIPURA  BS VANCHENTA KENDRA  NR  GOLDEN CHOKDI  NH 8 VADODARA 390022,79,1.1,,,,,,,,,,,,,,,,,,,,,,,,,,,,,,,,,,,,,,,,,,,,,,,,
145,Gujarat,Vadodara,3 Star,Without Alcohol,Eastin Residences Vadodara,78 Sampatrao Colony  Off RC Dutt Road  Alkapuri,44,2.3,,,,,,,,,,,,,,,,,,,,,,,,,,,,,,,,,,,,,,,,,,,,,,,,
146,Gujarat,Vadodara,3 Star,Without Alcohol,HOTEL RAMADA ENCORE ,UNIT OF SRPL  SHRESHTH BHARAT BHAVAN  STATUE OF UNITY  KEVADIYA COLONY  NARMADA  NANDOD  GUJARAT  393151,52,2.4,,,,,,,,,,,,,,,,,,,,,,,,,,,,,,,,,,,,,,,,,,,,,,,,
147,Gujarat,Vadodara,3 Star,Without Alcohol,Kabir Hotel and Spa,Opp  F G I  Building  Sevasi Road  Vadodara ,57,4.7,,,,,,,,,,,,,,,,,,,,,,,,,,,,,,,,,,,,,,,,,,,,,,,,
148,Gujarat,Vadodara,3 Star,Without Alcohol,Regenta Inn by Royal Orchid Hotels  unit of Cube Construction Engineering ltd ,Ved Transcube Plaza  opp  Railway Station  Near Central Bus Stand  Vadodara  ,58,4.1,,,,,,,,,,,,,,,,,,,,,,,,,,,,,,,,,,,,,,,,,,,,,,,,
149,Gujarat,Vadodara,3 Star,Without Alcohol,Suncity LIfestyle,Gotri   Sherkhi Road,37,1.3,,,,,,,,,,,,,,,,,,,,,,,,,,,,,,,,,,,,,,,,,,,,,,,,
150,Gujarat,Vapi,3 Star,Without Alcohol,HOTEL SILVER LEAF VILLAGE,PLOT NO   340 P 1 N H  NO   56 VILLAGE   KAKADKOPAR   VAPI   DHARAMPUR ROAD   KAKADKOPAR ,17,3,,,,,,,,,,,,,,,,,,,,,,,,,,,,,,,,,,,,,,,,,,,,,,,,
151,Gujarat,Viramgam,3 Star,Without Alcohol,HOTEL MIDORI,PRATHAMA NR HONDA 2 WHEELER PLANT  VIRAMGAM BECHRAJI HIGHWAY  VITHLAPUR TALUKA MANDAL,38,5,,,,,,,,,,,,,,,,,,,,,,,,,,,,,,,,,,,,,,,,,,,,,,,,
152,Haryana,Ambala,3 Star,Without Alcohol,MM CONTINENTAL HOTEL,NH 73  AMBALA  JAGADHARI HIGHWAY  MULLANA  AMBALA HARYANA,48,4,,,,,,,,,,,,,,,,,,,,,,,,,,,,,,,,,,,,,,,,,,,,,,,,
153,Haryana,Gurgaon,3 Star,Without Alcohol,Country Inn   Suites By Carlson  A Unit of Tuberose Hotel ,Plot No 301 302  Sector   12  Old Delhi Road  Gurgaon   122001  Haryana  India,73,2.2,,,,,,,,,,,,,,,,,,,,,,,,,,,,,,,,,,,,,,,,,,,,,,,,
154,Haryana,Gurgaon,3 Star,Without Alcohol,Fortune Park Orange  A unit Of Orange SPA Hotel and Resorts Pvt  Ltd,K M  Stone 67  NH 8  Sidhrawali,96,4.5,,,,,,,,,,,,,,,,,,,,,,,,,,,,,,,,,,,,,,,,,,,,,,,,
155,Haryana,Gurgaon,3 Star,Without Alcohol,IBIS GURGAON,ibis Gurgaon Golf Course Road Block 1 Sector 53 Gurgaon,214,5,,,,,,,,,,,,,,,,,,,,,,,,,,,,,,,,,,,,,,,,,,,,,,,,
156,Haryana,Gurgaon,3 Star,Without Alcohol,Lemon Tree Hotel  Tarudhan Valley   Manesar  A unit of Coronet Hotel Services and Supplies Pvt  Ltd  ,Tarudhan Valley  Village Dadu  P O  Hasanpur  Tehsil Tauru  District Mewat Gurgaon,70,2.2,,,,,,,,,,,,,,,,,,,,,,,,,,,,,,,,,,,,,,,,,,,,,,,,
157,Haryana,Gurgaon,3 Star,Without Alcohol,Lemon Tree Hotel Tarudhan Valley,Lemon Tree Hotel  Tarudhan Valley  Village Dadu  Tehsil Tauru  Mewat  Gurugram Gurgaon,70,4.4,,,,,,,,,,,,,,,,,,,,,,,,,,,,,,,,,,,,,,,,,,,,,,,,
158,Haryana,Gurgaon,3 Star,Without Alcohol,Skycity Hotels Private Limited,1 Old Judicial Complex  Jharsa Road  Sector 15 Gurgaon,55,3.2,,,,,,,,,,,,,,,,,,,,,,,,,,,,,,,,,,,,,,,,,,,,,,,,
159,Haryana,Rewari,3 Star,Without Alcohol,Aravali Resorts,76th Mile Stone  NH8  Dharuhera  District Rewari,29,2,,,,,,,,,,,,,,,,,,,,,,,,,,,,,,,,,,,,,,,,,,,,,,,,
160,Himachal Pradesh,Solan,3 Star,Without Alcohol,Timber Trail Resort  Unit of Asia Resort Ltd  ,Parwanoo  Distt  Solan   Himachal Pradesh,28,2.4,,,,,,,,,,,,,,,,,,,,,,,,,,,,,,,,,,,,,,,,,,,,,,,,
161,Karnataka,Bangalore,3 Star,Without Alcohol,Angsana Oasis Spa and Resort  A unit of Prestige Leisure Resorts Pvt  Ltd  ,ADDEVISHWANATHAPURA VILLAAGE MAIN DODDABALLAPURA ROAD RAJANUKUNTE BANGALORE 560064 Bangalore Bangalore,79,3.1,,,,,,,,,,,,,,,,,,,,,,,,,,,,,,,,,,,,,,,,,,,,,,,,
162,Karnataka,Bangalore,3 Star,Without Alcohol,Holiday Inn Express and Suites Bengaluru  OMR  Unit of Brigade Hotel Ventures Limited,Survey No  49  Huskur Village  Bidarahalli Hobli  Bengaluru East Taluk  ,237,2.6,,,,,,,,,,,,,,,,,,,,,,,,,,,,,,,,,,,,,,,,,,,,,,,,
163,Kerala,Adoor,3 Star,Without Alcohol,CENTRAL PARK HOTEL,OPP  RELIANCE FILLING STATION  K P ROAD   ADOOR  ,10,1.4,,,,,,,,,,,,,,,,,,,,,,,,,,,,,,,,,,,,,,,,,,,,,,,,
164,Kerala,Alappuzha,3 Star,Without Alcohol,ALLEPPEY PRINCE HOTEL,A S ROAD NH 47 ALAPPUZHA KERALA STATE,43,4.9,,,,,,,,,,,,,,,,,,,,,,,,,,,,,,,,,,,,,,,,,,,,,,,,
165,Kerala,Alappuzha,3 Star,Without Alcohol,Enkey s Residency,Pathirappally NH 66 Pathirappally PO ,10,1.9,,,,,,,,,,,,,,,,,,,,,,,,,,,,,,,,,,,,,,,,,,,,,,,,
166,Kerala,Alappuzha,3 Star,Without Alcohol,HOTEL INDRAPRASTHA,CHARUMMOODU PO  MAVELIKARA  ALAPPUZHA  KERALA ,10,2.9,,,,,,,,,,,,,,,,,,,,,,,,,,,,,,,,,,,,,,,,,,,,,,,,
167,Kerala,Alappuzha,3 Star,Without Alcohol,HOTEL KALAI,HOTEL KALAI  KUTTITHERUVU JN  Kayamkulam  Alappuzha,15,3.7,,,,,,,,,,,,,,,,,,,,,,,,,,,,,,,,,,,,,,,,,,,,,,,,
168,Kerala,Alappuzha,3 Star,Without Alcohol,HOTEL KARTHIYAYINI,HOTEL KARTHIYAYINI  OTTAPPUNNA JUNCTION  CHERTHALA PO  ALAPPUZHA 688524,12,3.5,,,,,,,,,,,,,,,,,,,,,,,,,,,,,,,,,,,,,,,,,,,,,,,,
169,Kerala,Alappuzha,3 Star,Without Alcohol,JEENA RESIDENCY,OPP KSRTC BUS STATION  HARIPAD  ALAPPUZHA DISTRICT,10,3.1,,,,,,,,,,,,,,,,,,,,,,,,,,,,,,,,,,,,,,,,,,,,,,,,
170,Kerala,Alappuzha,3 Star,Without Alcohol,Magnet Hotels,V C S B Road Near KSRTC Bus stand Alleppey,12,4.1,,,,,,,,,,,,,,,,,,,,,,,,,,,,,,,,,,,,,,,,,,,,,,,,
171,Kerala,Alappuzha,3 Star,Without Alcohol,THE ROYALE PLAZA,THE ROYALE PLAZA  NEAR RAILWAY OVER BRIDGE  K P ROAD  KAYAMKULAM  ,24,3.1,,,,,,,,,,,,,,,,,,,,,,,,,,,,,,,,,,,,,,,,,,,,,,,,
172,Kerala,Angamaly,3 Star,Without Alcohol,HOTEL BLUE BELLS  a Unit of EDASSERY MOTELS AND VILLAS  ,HOTEL BLUE BELLS  ANGADIKADAVU ROAD  ANGAMALY P O  ERNAKULAM DISTRICT  KERALA 683572,14,4.6,,,,,,,,,,,,,,,,,,,,,,,,,,,,,,,,,,,,,,,,,,,,,,,,
173,Kerala,Angamaly,3 Star,Without Alcohol,HOTEL HILLS PARK  MATHA ENTERPRISES ,NEAR KSRTC BUS STAND  ANGAMALY  ERNAKULAM ,17,1.1,,,,,,,,,,,,,,,,,,,,,,,,,,,,,,,,,,,,,,,,,,,,,,,,
174,Kerala,Angamaly,3 Star,Without Alcohol,HOTEL MAXX INN,KARUKUTTY  ERNAKULAM,10,2.3,,,,,,,,,,,,,,,,,,,,,,,,,,,,,,,,,,,,,,,,,,,,,,,,
175,Kerala,Angamaly,3 Star,Without Alcohol,The Hotel Chettungal,Aluva Road  Angamaly,10,2.4,,,,,,,,,,,,,,,,,,,,,,,,,,,,,,,,,,,,,,,,,,,,,,,,
176,Kerala,Angamaly,3 Star,Without Alcohol,Vrindavan Retreat,Bldg No IV 38 Madhurapuram Mekkad Vattaparambu Road Mekkad  Post  Athani Ernakulam Dist   ,10,4.7,,,,,,,,,,,,,,,,,,,,,,,,,,,,,,,,,,,,,,,,,,,,,,,,
177,Kerala,Attingal,3 Star,Without Alcohol,DEV RESIDENCY,MOONUMUKKU ATTINGAL P O  ATTINGAL THIRUVANANTHAPURAM,11,4.1,,,,,,,,,,,,,,,,,,,,,,,,,,,,,,,,,,,,,,,,,,,,,,,,
178,Kerala,Calicut,3 Star,Without Alcohol,Hill Side ,Near NIT  Kariyakulangara   Mukkam Calicut  Kerala ,11,1.3,,,,,,,,,,,,,,,,,,,,,,,,,,,,,,,,,,,,,,,,,,,,,,,,
179,Kerala,Calicut,3 Star,Without Alcohol,Hotel Maharani  A unit of Hotel Maharani Pvt  Ltd  ,Taluk Road  Puthiyara P O  Kozhikode Calicut,43,5,,,,,,,,,,,,,,,,,,,,,,,,,,,,,,,,,,,,,,,,,,,,,,,,
180,Kerala,Calicut,3 Star,Without Alcohol,Hotel Surya,Paithoth Road  Perambra  Kozhikode,15,4,,,,,,,,,,,,,,,,,,,,,,,,,,,,,,,,,,,,,,,,,,,,,,,,
181,Kerala,Calicut,3 Star,Without Alcohol,Mavoor Regency,Poovattuparamba P O  Kozhikode,10,2.2,,,,,,,,,,,,,,,,,,,,,,,,,,,,,,,,,,,,,,,,,,,,,,,,
182,Kerala,Calicut,3 Star,Without Alcohol,Park Residency,G H Road  Calicut,20,4.5,,,,,,,,,,,,,,,,,,,,,,,,,,,,,,,,,,,,,,,,,,,,,,,,
183,Kerala,Calicut,3 Star,Without Alcohol,Park Residency   Kuttiyadi  A unit of Flair Hotels and Resorts Pvt  Ltd,ADUKKATH PO  KUTTIYADI  CALICUT  Calicut,16,5,,,,,,,,,,,,,,,,,,,,,,,,,,,,,,,,,,,,,,,,,,,,,,,,
184,Kerala,Calicut,3 Star,Without Alcohol,Prinz Residency,Near Chengottukavu Bridge  P O Melur  Koyilandy,17,2.2,,,,,,,,,,,,,,,,,,,,,,,,,,,,,,,,,,,,,,,,,,,,,,,,
185,Kerala,Calicut,3 Star,Without Alcohol,The North Park,N H Bye Pass  Nut Street  Vatakara  Calicut Dist Calicut Calicut,18,4.4,,,,,,,,,,,,,,,,,,,,,,,,,,,,,,,,,,,,,,,,,,,,,,,,
186,Kerala,Chalakudy,3 Star,Without Alcohol,Hotel Harshavardhana Inn,Opposite Apollo Tyres  N H 47  Potta  Post   Chalakudy ,15,3.2,,,,,,,,,,,,,,,,,,,,,,,,,,,,,,,,,,,,,,,,,,,,,,,,
187,Kerala,Chalakudy,3 Star,Without Alcohol,Hotel Rachana Continental  A unit of Hotel Rachana Continental Pvt Ltd  ,KSRTC Road  Chalakudy  Thrissur Chalakudy,14,2,,,,,,,,,,,,,,,,,,,,,,,,,,,,,,,,,,,,,,,,,,,,,,,,
188,Kerala,Changanassery,3 Star,Without Alcohol,Hotel Panchavady,Near KSRTC  Kavala  Changanacherry  Kottayam,12,,,,,,,,,,,,,,,,,,,,,,,,,,,,,,,,,,,,,,,,,,,,,,,,,
189,Kerala,Changanassery,3 Star,Without Alcohol,Hotel Breezeland  A unit of Breezeland Hotels Ltd ,By Pass Junction  M C Road  Vazhappally  Changanacherry  Changanassery,18,,,,,,,,,,,,,,,,,,,,,,,,,,,,,,,,,,,,,,,,,,,,,,,,,
190,Kerala,Changanassery,3 Star,Without Alcohol,HOTEL VANI,CENTRAL JUNCTION  KAVALA CHANGANASSERY,16,,,,,,,,,,,,,,,,,,,,,,,,,,,,,,,,,,,,,,,,,,,,,,,,,
191,Kerala,Chengannur,3 Star,Without Alcohol,NAVARATNA TOURIST HOME,M C Road   Chengannur   Alappuzha  Dist ,10,1,,,,,,,,,,,,,,,,,,,,,,,,,,,,,,,,,,,,,,,,,,,,,,,,
192,Kerala,CHERAI,3 Star,Without Alcohol,Cherai beach resorts,Cherai po  vypin island Ernakulam district  Kerala State 683513 CHERAI CHERAI,25,4.4,,,,,,,,,,,,,,,,,,,,,,,,,,,,,,,,,,,,,,,,,,,,,,,,
193,Kerala,Cherthala,3 Star,Without Alcohol,Hotel Aroor Residency ,NH 66 Aroor Alappuzha  Kerala,17,3.4,,,,,,,,,,,,,,,,,,,,,,,,,,,,,,,,,,,,,,,,,,,,,,,,
194,Kerala,Cherthala,3 Star,Without Alcohol,Hotel Envees,Hotel Envees   Eramalloor  Cherthala,10,1.6,,,,,,,,,,,,,,,,,,,,,,,,,,,,,,,,,,,,,,,,,,,,,,,,
195,Kerala,Cherthala,3 Star,Without Alcohol,Keerthi Palace Restaurant,Ponnamvely Pattanakkad P O Cherthala Cherthala,10,3.5,,,,,,,,,,,,,,,,,,,,,,,,,,,,,,,,,,,,,,,,,,,,,,,,
196,Kerala,Ernakulam,3 Star,Without Alcohol,Amruthu Residency,M C Road  Koothattukulam  Ernakulam,13,2.4,,,,,,,,,,,,,,,,,,,,,,,,,,,,,,,,,,,,,,,,,,,,,,,,
197,Kerala,Ernakulam,3 Star,Without Alcohol,Arpitha Tourist Home,Nayarambalam Ernakulam,10,4,,,,,,,,,,,,,,,,,,,,,,,,,,,,,,,,,,,,,,,,,,,,,,,,
198,Kerala,Ernakulam,3 Star,Without Alcohol,Aruna Tourist Home,A M Road  Perumbavoor  Ernakulam,10,3,,,,,,,,,,,,,,,,,,,,,,,,,,,,,,,,,,,,,,,,,,,,,,,,
199,Kerala,Ernakulam,3 Star,Without Alcohol,ARYA INTERNATIONAL,NELLAD  ERNAKULAM Ernakulam,15,1.1,,,,,,,,,,,,,,,,,,,,,,,,,,,,,,,,,,,,,,,,,,,,,,,,
200,Kerala,Ernakulam,3 Star,Without Alcohol,ATSWILLINGDON HOTEL,ATS WILLINGDON HOTEL   A BRANCH OF P K MOHAMMED PRIVATE LIMITED  WILLINGDON ISLAND  KOCHI 682029 Ernakulam,19,2.3,,,,,,,,,,,,,,,,,,,,,,,,,,,,,,,,,,,,,,,,,,,,,,,,
201,Kerala,Ernakulam,3 Star,Without Alcohol,Cochin Seaport Hotel,Thekkanmalipuram  Azheekkal P O  Vypeen Ernakulam 682510,25,2.4,,,,,,,,,,,,,,,,,,,,,,,,,,,,,,,,,,,,,,,,,,,,,,,,
202,Kerala,Ernakulam,3 Star,Without Alcohol,Diana Tourist Home,Koothattukulam  Ernakulam Dist ,10,1,,,,,,,,,,,,,,,,,,,,,,,,,,,,,,,,,,,,,,,,,,,,,,,,
203,Kerala,Ernakulam,3 Star,Without Alcohol,ELOOR TOURIST HOME,KUTTIKATTUKARA P O  UDYOGAMANDAL  ERNAKULAM DISTRICT,15,4.4,,,,,,,,,,,,,,,,,,,,,,,,,,,,,,,,,,,,,,,,,,,,,,,,
204,Kerala,Ernakulam,3 Star,Without Alcohol,Gopika Regency,NH17  Chirakkakam  Varapuzha  Cochin,20,3.4,,,,,,,,,,,,,,,,,,,,,,,,,,,,,,,,,,,,,,,,,,,,,,,,
205,Kerala,Ernakulam,3 Star,Without Alcohol,HAMILTON RESIDENCY  A UNIT OF HOTEL HAMILTON RESIDENCY PVT LTD ,HAMILTON RESIDENCY  A UNIT OF HOTEL HAMILTON RESIDENCY PVT LTD   KURUPPAMPADY  PERUMBAVUR  ERNAKULAM,10,1.6,,,,,,,,,,,,,,,,,,,,,,,,,,,,,,,,,,,,,,,,,,,,,,,,
206,Kerala,Ernakulam,3 Star,Without Alcohol,Hotel Amruthu,Thoppumpady  Ernakulam District ,10,3.5,,,,,,,,,,,,,,,,,,,,,,,,,,,,,,,,,,,,,,,,,,,,,,,,
207,Kerala,Ernakulam,3 Star,Without Alcohol,Hotel Chandni Park  Hind Resorts and Services Pvt Ltd  ,South Kalamassery  Ernakulam,11,2.4,,,,,,,,,,,,,,,,,,,,,,,,,,,,,,,,,,,,,,,,,,,,,,,,
208,Kerala,Ernakulam,3 Star,Without Alcohol,HOTEL EDASSERY MANSION,HOTEL EDASSERY MANSION  KATHRIKADAVU  KALOOR P O  ERNAKULAM 682017  KERALA,32,4,,,,,,,,,,,,,,,,,,,,,,,,,,,,,,,,,,,,,,,,,,,,,,,,
209,Kerala,Ernakulam,3 Star,Without Alcohol,Hotel Elegance  A unit of Perumbavoor Hotels and Resorts Pvt  Ltd  ,M C  ROAD  PULLUVAZHI P O  PERUMBAVOOR  ERNAKULAM  PIN 683541,12,3,,,,,,,,,,,,,,,,,,,,,,,,,,,,,,,,,,,,,,,,,,,,,,,,
210,Kerala,Ernakulam,3 Star,Without Alcohol,Hotel Geo,Thoppumpady  Kochi,10,1.1,,,,,,,,,,,,,,,,,,,,,,,,,,,,,,,,,,,,,,,,,,,,,,,,
211,Kerala,Ernakulam,3 Star,Without Alcohol,HOTEL GREEN PALACE,PAMPAKUDA P O  MUVATTUPUZHA ERNAKULAM,11,2.3,,,,,,,,,,,,,,,,,,,,,,,,,,,,,,,,,,,,,,,,,,,,,,,,
212,Kerala,Ernakulam,3 Star,Without Alcohol,Hotel Hill Palace  South Asia Hotels Ltd ,Refinery Road  Irumpanam Junction  Thripunithura,32,2.4,,,,,,,,,,,,,,,,,,,,,,,,,,,,,,,,,,,,,,,,,,,,,,,,
213,Kerala,Ernakulam,3 Star,Without Alcohol,Hotel Kadambari Regency  A unit of Hotel Kadambari Regency Private Limited,BLDG  NO  XVII  264 275   M C ROAD  MAROTTICHODI  MATTOOR P O  KALADY  ERNAKULAM DISTRICT Ernakulam,11,2.4,,,,,,,,,,,,,,,,,,,,,,,,,,,,,,,,,,,,,,,,,,,,,,,,
214,Kerala,Ernakulam,3 Star,Without Alcohol,HOTEL KEERTHY,HOTEL KEERTHY  M C  ROAD  KOOTHATTUKULAM P O  ERNAKULAM DISTRICT  KERALA,10,3.1,,,,,,,,,,,,,,,,,,,,,,,,,,,,,,,,,,,,,,,,,,,,,,,,
215,Kerala,Ernakulam,3 Star,Without Alcohol,HOTEL KOTTARAM ,Murikkumpadom  Vypeen   Cochin ,11,2.6,,,,,,,,,,,,,,,,,,,,,,,,,,,,,,,,,,,,,,,,,,,,,,,,
216,Kerala,Ernakulam,3 Star,Without Alcohol,HOTEL NAYANA, A UNIT OF HOTEL NAYANA PRIVATE LIMITED   P M ROAD  VAZHAKULAM P O  MUVATTUPUZHA  ERNAKULAM DISTRICT,10,1.4,,,,,,,,,,,,,,,,,,,,,,,,,,,,,,,,,,,,,,,,,,,,,,,,
217,Kerala,Ernakulam,3 Star,Without Alcohol,Hotel Olive Eva,Opp Info Park Smart City Kakkanad Ernakulam,44,4.9,,,,,,,,,,,,,,,,,,,,,,,,,,,,,,,,,,,,,,,,,,,,,,,,
218,Kerala,Ernakulam,3 Star,Without Alcohol,HOTEL PALACE INN, A UNIT OF PLANET GROUP   BEHIND KSRTC BUS STAND  T B JUNCTION  ANGAMALY  ERNAKULAM DISTRICT,12,1.9,,,,,,,,,,,,,,,,,,,,,,,,,,,,,,,,,,,,,,,,,,,,,,,,
219,Kerala,Ernakulam,3 Star,Without Alcohol,Hotel Panoramic,Parappuram P O Kanjoor Ernakulam,10,2.9,,,,,,,,,,,,,,,,,,,,,,,,,,,,,,,,,,,,,,,,,,,,,,,,
220,Kerala,Ernakulam,3 Star,Without Alcohol,Hotel Saj International,Medical College Jn Kolenchery  Post,14,3.7,,,,,,,,,,,,,,,,,,,,,,,,,,,,,,,,,,,,,,,,,,,,,,,,
221,Kerala,Ernakulam,3 Star,Without Alcohol,HOTEL SEA GATE,SEA GATE PATHADIPALAM SOUTH KALAMASSERY COCHIN  KERALA ,10,3.5,,,,,,,,,,,,,,,,,,,,,,,,,,,,,,,,,,,,,,,,,,,,,,,,
222,Kerala,Ernakulam,3 Star,Without Alcohol,Hotel Zodiac,Market Junction  Tripunithura  Ernakulam,10,3.1,,,,,,,,,,,,,,,,,,,,,,,,,,,,,,,,,,,,,,,,,,,,,,,,
223,Kerala,Ernakulam,3 Star,Without Alcohol,Jawahar Tourist Home,A M Road  Kothamangalam  Ernakulam,11,4.1,,,,,,,,,,,,,,,,,,,,,,,,,,,,,,,,,,,,,,,,,,,,,,,,
224,Kerala,Ernakulam,3 Star,Without Alcohol,KATHRIKADAVU TOURIST HOME  HOTEL SEA PEARL  ,KUTTAPPAI ROAD  NEAR SARITHA THEATRE  ERNAKULAM DT  ERNAKULAM  KERALA 682031,10,3.1,,,,,,,,,,,,,,,,,,,,,,,,,,,,,,,,,,,,,,,,,,,,,,,,
225,Kerala,Ernakulam,3 Star,Without Alcohol,KIZHAKKAMBALAM TOURIST HOME,KIZHAKKAMBALAM TOURIST HOME  KIZHAKKAMBALAM  ERNAKULAM DISTRICT  KERALA 683562,15,4.6,,,,,,,,,,,,,,,,,,,,,,,,,,,,,,,,,,,,,,,,,,,,,,,,
226,Kerala,Ernakulam,3 Star,Without Alcohol,LOVEDONS GARDEN,KOLENCHERY P O  ERNAKULAM,10,4,,,,,,,,,,,,,,,,,,,,,,,,,,,,,,,,,,,,,,,,,,,,,,,,
227,Kerala,Ernakulam,3 Star,Without Alcohol,MAHARANI HOLIDAY HOME,  A UNIT OF MAHARANI HOLIDAY HOMES  P  LTD   PIRAVOM P O  ERNAKULAM DISTRICT,10,2.2,,,,,,,,,,,,,,,,,,,,,,,,,,,,,,,,,,,,,,,,,,,,,,,,
228,Kerala,Ernakulam,3 Star,Without Alcohol,Maria International,Kothamangalam P O  Ernakulam,17,4.5,,,,,,,,,,,,,,,,,,,,,,,,,,,,,,,,,,,,,,,,,,,,,,,,
229,Kerala,Ernakulam,3 Star,Without Alcohol,Niko Hotels  A Unit of Hikari Hotels Pvt  Ltd  ,K P Vallon Road Kadavanthra Cochin Kerala 682020 Ernakulam,27,5,,,,,,,,,,,,,,,,,,,,,,,,,,,,,,,,,,,,,,,,,,,,,,,,x
230,Kerala,Ernakulam,3 Star,Without Alcohol,Park Central  A unit of Hotel Siena Central Private Limited ,36   1856   A  Kaloor   Kadavanthra Road  Kaloor   682017  Kerala,17,2.2,,,,,,,,,,,,,,,,,,,,,,,,,,,,,,,,,,,,,,,,,,,,,,,,
231,Kerala,Ernakulam,3 Star,Without Alcohol,Park Residency,Girinagar Link Road  Kadavanthra Cochin  Kerala ,15,4.4,,,,,,,,,,,,,,,,,,,,,,,,,,,,,,,,,,,,,,,,,,,,,,,,
232,Kerala,Ernakulam,3 Star,Without Alcohol,Polakulath Regency ,Jewel Junction  M G Road  Ernakulam  Cochin ,10,3.2,,,,,,,,,,,,,,,,,,,,,,,,,,,,,,,,,,,,,,,,,,,,,,,,
233,Kerala,Ernakulam,3 Star,Without Alcohol,POLAKULATH TOURIST HOME,POLAKULATH TOURIST HOME MULANTHURUTHY ERNAKULAM 682314 Ernakulam,12,2,,,,,,,,,,,,,,,,,,,,,,,,,,,,,,,,,,,,,,,,,,,,,,,,
234,Kerala,Ernakulam,3 Star,Without Alcohol,Polakulath Tourist Home ,Polakulath Tourist Home  S N Jn   Palarivattom Cochin ,14,,,,,,,,,,,,,,,,,,,,,,,,,,,,,,,,,,,,,,,,,,,,,,,,,
235,Kerala,Ernakulam,3 Star,Without Alcohol,Prayana Hotels,Near E S I Hospital Opposite North Railway Station Ernakulam,24,4,,,,,,,,,,,,,,,,,,,,,,,,,,,,,,,,,,,,,,,,,,,,,,,,
236,Kerala,Ernakulam,3 Star,Without Alcohol,Rock Rose Tourist Home  A unit of Rock Rose Tourist Home  P  Ltd ,NH Byepass  Palarivattom  Puthiya Road  Kochi  Kerala Ernakulam,11,3,,,,,,,,,,,,,,,,,,,,,,,,,,,,,,,,,,,,,,,,,,,,,,,,
237,Kerala,Ernakulam,3 Star,Without Alcohol,Rose Residency,NH 49  Cochin Madura Road  Near Block Jn  Kolenchery,36,1.1,,,,,,,,,,,,,,,,,,,,,,,,,,,,,,,,,,,,,,,,,,,,,,,,
238,Kerala,Ernakulam,3 Star,Without Alcohol,SONIA TOURIST HOME,M C ROAD  KOOTHATTUKULAM Ernakulam,14,2.3,,,,,,,,,,,,,,,,,,,,,,,,,,,,,,,,,,,,,,,,,,,,,,,,
239,Kerala,Ernakulam,3 Star,Without Alcohol,Sreevalsam Residency,Mattoor  M C Road  Kalady  Ernakulam Ernakulam Ernakulam,10,2.4,,,,,,,,,,,,,,,,,,,,,,,,,,,,,,,,,,,,,,,,,,,,,,,,
240,Kerala,Ernakulam,3 Star,Without Alcohol,XL HOTEL,A K SAnthosh  Propriter  XL hotel  Rose street  Fort kochi  682001,10,4.7,,,,,,,,,,,,,,,,,,,,,,,,,,,,,,,,,,,,,,,,,,,,,,,,
241,Kerala,Ettumanoor,3 Star,Without Alcohol,Hotel Sreelakshmi Park,Pala Road Ayarkunnam Kottayam ,11,4.1,,,,,,,,,,,,,,,,,,,,,,,,,,,,,,,,,,,,,,,,,,,,,,,,
242,Kerala,Guruvayoor,3 Star,Without Alcohol,Hotel Amaravathi ,Near Bus Stand  Chavakkad  Thrissur Guruvayoor,10,2.4,,,,,,,,,,,,,,,,,,,,,,,,,,,,,,,,,,,,,,,,,,,,,,,,
243,Kerala,Idukki,3 Star,Without Alcohol,AMBADY TOURIST HOME,AMBADY TOURIST HOME  MUVATTUPUZHA ROAD  THODUPUZHA,10,3.1,,,,,,,,,,,,,,,,,,,,,,,,,,,,,,,,,,,,,,,,,,,,,,,,
244,Kerala,Idukki,3 Star,Without Alcohol,CHANDANA TOURIST HOME,UDUMALPET ROAD  MARAYUR P O   IDUKKI DIST ,25,2.6,,,,,,,,,,,,,,,,,,,,,,,,,,,,,,,,,,,,,,,,,,,,,,,,
245,Kerala,Idukki,3 Star,Without Alcohol,DHANYA TOURIST HOME ,Kallarkutty Road  Adimaly  Idukki District  Kerala State     685561 Idukki ,16,1.4,,,,,,,,,,,,,,,,,,,,,,,,,,,,,,,,,,,,,,,,,,,,,,,,
246,Kerala,Idukki,3 Star,Without Alcohol,HOTEL GREEN OASIS, A UNIT OF GREEN OASIS REGENCY HOTEL PRIVATE LIMITED   NEAR TELEPHONE EXCHANGE  MUTTOM  THODUPUZHA  IDUKKI DISTRICT,18,4.9,,,,,,,,,,,,,,,,,,,,,,,,,,,,,,,,,,,,,,,,,,,,,,,,
247,Kerala,Idukki,3 Star,Without Alcohol,Hotel Victoria International,Orappankal Building  Central Junction  Kattappana ,10,1.9,,,,,,,,,,,,,,,,,,,,,,,,,,,,,,,,,,,,,,,,,,,,,,,,
248,Kerala,IRITTY,3 Star,Without Alcohol,HOTEL SURYA,Near Iritty Bridge  Iritty  Post  Kannur  Dist Kerala,11,2.9,,,,,,,,,,,,,,,,,,,,,,,,,,,,,,,,,,,,,,,,,,,,,,,,
249,Kerala,IRITTY,3 Star,Without Alcohol,K K TOURIST HOME,IRITTY  KANNUR DIST,20,3.7,,,,,,,,,,,,,,,,,,,,,,,,,,,,,,,,,,,,,,,,,,,,,,,,
250,Kerala,IRITTY,3 Star,Without Alcohol,Sky Paradise,Vallithode  Kiliyanthara  P O   Iritty ,16,3.5,,,,,,,,,,,,,,,,,,,,,,,,,,,,,,,,,,,,,,,,,,,,,,,,
251,Kerala,KALADY,3 Star,Without Alcohol,EDASSERY VILLAGE RESORT,EDASSERY VILLAGE RESORT  CHENGAL  KALADY  ERNAKULAM DISTRICT 683574  KERALA,10,3.1,,,,,,,,,,,,,,,,,,,,,,,,,,,,,,,,,,,,,,,,,,,,,,,,
252,Kerala,Kalpetta,3 Star,Without Alcohol,Chembra Residency  A unit of jilsu associates LLP ,Vellaramkunnu Kalpetta  P O ,10,4.1,,,,,,,,,,,,,,,,,,,,,,,,,,,,,,,,,,,,,,,,,,,,,,,,
253,Kerala,Kanhangad,3 Star,Without Alcohol,MALANADU TOURIST HOME ,North Kottacherry  Kanhangad  Kasaragod  ,14,3.1,,,,,,,,,,,,,,,,,,,,,,,,,,,,,,,,,,,,,,,,,,,,,,,,
254,Kerala,Kanhangad,3 Star,Without Alcohol,NEELESHWAR HERMITAGE,OZHINHAVALAPPU P O   NILESHWAR VIA  KASARAGOD DIST ,18,4.6,,,,,,,,,,,,,,,,,,,,,,,,,,,,,,,,,,,,,,,,,,,,,,,,
255,Kerala,Kannur,3 Star,Without Alcohol,Geetha Residency,post chirakkal  puthiyatheru  Kannur Dist ,10,2.4,,,,,,,,,,,,,,,,,,,,,,,,,,,,,,,,,,,,,,,,,,,,,,,,
256,Kerala,Kannur,3 Star,Without Alcohol,Broad Bean   A Unit Of KK Leisures and Tourism International Pvt  Ltd  ,Chakkarakkal  Mowenchery P O  Kannur Taluk  Kannur Dist ,15,4,,,,,,,,,,,,,,,,,,,,,,,,,,,,,,,,,,,,,,,,,,,,,,,,
257,Kerala,Kannur,3 Star,Without Alcohol,Hotel Parassini Polariz,Near Snake Park  Kolmotta  p o   Parassinikkadavu   Kannur,36,3,,,,,,,,,,,,,,,,,,,,,,,,,,,,,,,,,,,,,,,,,,,,,,,,
258,Kerala,Kannur,3 Star,Without Alcohol,Hotel Samudra,Post Sreekandapuram  Kannur Dist   Kerala,11,1.1,,,,,,,,,,,,,,,,,,,,,,,,,,,,,,,,,,,,,,,,,,,,,,,,
259,Kerala,Kannur,3 Star,Without Alcohol,HOTEL SKY PARK,IRITTY ROAD  MATTANUR  KANNUR,19,2.3,,,,,,,,,,,,,,,,,,,,,,,,,,,,,,,,,,,,,,,,,,,,,,,,
260,Kerala,Kannur,3 Star,Without Alcohol,LA SERENE HOTEL,A UNIT OF INFINITY BUSINESS GROUP  NEAR VETERINARY HOSPITAL  MATTANUR P O  KANNUR 670702,14,2.4,,,,,,,,,,,,,,,,,,,,,,,,,,,,,,,,,,,,,,,,,,,,,,,,
261,Kerala,Kannur,3 Star,Without Alcohol,Lyndas Residency,Alakkandy Arcade  T C Road  Kuthuparamba  Kannur Kannur,12,2.4,,,,,,,,,,,,,,,,,,,,,,,,,,,,,,,,,,,,,,,,,,,,,,,,
262,Kerala,Kannur,3 Star,Without Alcohol,Rajadhani,Peravoor   Kannur Kannur,10,3.1,,,,,,,,,,,,,,,,,,,,,,,,,,,,,,,,,,,,,,,,,,,,,,,,
263,Kerala,Kannur,3 Star,Without Alcohol,SNEHA INN,BAKKALAM  KANOOL P O  KANNUR,14,2.6,,,,,,,,,,,,,,,,,,,,,,,,,,,,,,,,,,,,,,,,,,,,,,,,
264,Kerala,Karunagapally,3 Star,Without Alcohol,Hotel Comfort Regency,Hotel Comfort Regency NH 66 47  Karunagapally Kollam Dist Kerala,11,1.4,,,,,,,,,,,,,,,,,,,,,,,,,,,,,,,,,,,,,,,,,,,,,,,,
265,Kerala,Karunagapally,3 Star,Without Alcohol,HOTEL INDRAPRASTHA,NH 66 KARUNAGAPPALLY P O  KARUNAGAPPALLY KOLLAM,21,4.9,,,,,,,,,,,,,,,,,,,,,,,,,,,,,,,,,,,,,,,,,,,,,,,,
266,Kerala,Kasaragod,3 Star,Without Alcohol,J K  Residency Kasaragod,Beach Road Kasaragod Kasaragod,10,1.9,,,,,,,,,,,,,,,,,,,,,,,,,,,,,,,,,,,,,,,,,,,,,,,,
267,Kerala,KASARGOD,3 Star,Without Alcohol,HOTEL BEKAL PALACE,PALAKUNNU BEKAL P O,20,2.9,,,,,,,,,,,,,,,,,,,,,,,,,,,,,,,,,,,,,,,,,,,,,,,,
268,Kerala,KASARGOD,3 Star,Without Alcohol,HOTEL LANDMARK,HOTEL LANDMARK  ALAMIPPALLY P O   KANHANGAD  KASARGOD DIST KASARGOD,12,3.7,,,,,,,,,,,,,,,,,,,,,,,,,,,,,,,,,,,,,,,,,,,,,,,,
269,Kerala,Kayamkulam,3 Star,Without Alcohol,HIGHWAY PALACE  A LEASED PROPERTY FROM HOTEL HIGHWAY PARK ,HIGHWAY PALACE  A LEASED PROPERTY FROM HOTEL HIGHWAY PARK   KAYAMKULAM,11,3.5,,,,,,,,,,,,,,,,,,,,,,,,,,,,,,,,,,,,,,,,,,,,,,,,
270,Kerala,Kayamkulam,3 Star,Without Alcohol,HOTEL ROMA CENTRAL ,HOTEL ROMA CENTRAL  A UNIT OF HOTEL JN PRIVATE LIMITED  2ND MILE  KOPRAPURA  PULLIKKANAKKU P O  KAYAMKULAM Kayamkulam ,10,3.1,,,,,,,,,,,,,,,,,,,,,,,,,,,,,,,,,,,,,,,,,,,,,,,,
271,Kerala,Kochi,3 Star,Without Alcohol,Arakkathara tourist home,Arakkathara tourist home  Nambiyapuram Road  Palluruthy  Kochi 682006,10,4.1,,,,,,,,,,,,,,,,,,,,,,,,,,,,,,,,,,,,,,,,,,,,,,,,
272,Kerala,Kochi,3 Star,Without Alcohol,GINO TOURIST HOME,KAKKANAD  KOCHI,10,3.1,,,,,,,,,,,,,,,,,,,,,,,,,,,,,,,,,,,,,,,,,,,,,,,,
273,Kerala,Kochi,3 Star,Without Alcohol,KALAMASSERY TOURIST HOME,KALAMASSERY TOURIST HOME  OPP APPOLO TYRES  KALAMASSERY NORTH P O  KALAMASSERY  ERNAKULAM DISTRICT  KERALA 683104,19,4.6,,,,,,,,,,,,,,,,,,,,,,,,,,,,,,,,,,,,,,,,,,,,,,,,
274,Kerala,Kochi,3 Star,Without Alcohol,The Cochin Legacy  Labella Hospitality Pvt  Ltd  ,Near Nairs Hospital  NH 47 Bye Pass  Maradu P O Ernakulam Dt  Kerala ,25,5,,,,,,,,,,,,,,,,,,,,,,,,,,,,,,,,,,,,,,,,,,,,,,,,
275,Kerala,Kochi,3 Star,Without Alcohol,THE INTERNATIONAL HOTEL,PB NO 3563  VEEKSHANAM ROAD  M G ROAD  ERNAKULAM,35,2.2,,,,,,,,,,,,,,,,,,,,,,,,,,,,,,,,,,,,,,,,,,,,,,,,
276,Kerala,Kodungallur,3 Star,Without Alcohol,Aswathy Bar and Hotel,South Nada  Kodungallur  Thrissur Kodungallur,10,4.4,,,,,,,,,,,,,,,,,,,,,,,,,,,,,,,,,,,,,,,,,,,,,,,,
277,Kerala,Kodungallur,3 Star,Without Alcohol,Hotel Palace EN Paradise,Opposite KSRTC Bus Stand Sringapuram  Methala   Post Kodungallur  Thrissur  District  Kerala,10,3.2,,,,,,,,,,,,,,,,,,,,,,,,,,,,,,,,,,,,,,,,,,,,,,,,
278,Kerala,Kodungallur,3 Star,Without Alcohol,KALLADA RESIDENCY,SANTHIPURAM KODUNGALLUR THRISSUR DIST KERALA STATE,10,2,,,,,,,,,,,,,,,,,,,,,,,,,,,,,,,,,,,,,,,,,,,,,,,,
279,Kerala,Kodungallur,3 Star,Without Alcohol,Polakulath Tourist Home  Pullut ,Polakulath Tourist Home Pullut   Narayanamangalam  THRISSUR  Dis    PIN    680663,10,,,,,,,,,,,,,,,,,,,,,,,,,,,,,,,,,,,,,,,,,,,,,,,,,
280,Kerala,Kollam,3 Star,Without Alcohol,HIGHLAND HOTEL AND RESORTS,HIGHLAND HOTEL AND RESORTS  OPP VAIDHYUTHI BHAVAN  NH 744  KOTTARAKARA PO  KOLLAM KERALALA  PIN 691506,22,,,,,,,,,,,,,,,,,,,,,,,,,,,,,,,,,,,,,,,,,,,,,,,,,
281,Kerala,Kollam,3 Star,Without Alcohol,HOTEL ANTONY S TOWER,PATHANAPURAM  KOLLAM DIST,11,1,,,,,,,,,,,,,,,,,,,,,,,,,,,,,,,,,,,,,,,,,,,,,,,,
282,Kerala,Kollam,3 Star,Without Alcohol,HOTEL DE ORIENT,Vadayattukotta Road  Near Head Post Office  Chinnakkada  Kollam ,10,4.4,,,,,,,,,,,,,,,,,,,,,,,,,,,,,,,,,,,,,,,,,,,,,,,,
283,Kerala,Kollam,3 Star,Without Alcohol,HOTEL DONA CASTLE   a unit of Edassery Group of Hotels Pvt Ltd  ,HOTEL DONA CASTLE   a unit of Edassery Group of Hotels Pvt Ltd    LAKSHMINADA  KOTTAMUKKU  KOLLAM,17,3.4,,,,,,,,,,,,,,,,,,,,,,,,,,,,,,,,,,,,,,,,,,,,,,,,
284,Kerala,Kollam,3 Star,Without Alcohol,Hotel Emerald Palace,Kannanalloor  Kollam,10,1.6,,,,,,,,,,,,,,,,,,,,,,,,,,,,,,,,,,,,,,,,,,,,,,,,
285,Kerala,Kollam,3 Star,Without Alcohol,HOTEL HARISREE,MOONAMKUTTY KILIKOLLOOR P O  KOLLAM,12,3.5,,,,,,,,,,,,,,,,,,,,,,,,,,,,,,,,,,,,,,,,,,,,,,,,
286,Kerala,Kollam,3 Star,Without Alcohol,Hotel Lake View ,Thoppilkadavu  Thirumullavaram P O  Kollam Kollam Kollam,10,2.4,,,,,,,,,,,,,,,,,,,,,,,,,,,,,,,,,,,,,,,,,,,,,,,,
287,Kerala,Kollam,3 Star,Without Alcohol,HOTEL PALAZHI,KALLUMKADAVU  PATHANAPURAM  KOLLAM DISTRICT,11,4,,,,,,,,,,,,,,,,,,,,,,,,,,,,,,,,,,,,,,,,,,,,,,,,
288,Kerala,Kollam,3 Star,Without Alcohol,Hotel Railview,Hotel Railview Opp  Kollam Junction Railway Station Chinnakkada  Kollam  691001  Kerala ,18,3,,,,,,,,,,,,,,,,,,,,,,,,,,,,,,,,,,,,,,,,,,,,,,,,
289,Kerala,Kollam,3 Star,Without Alcohol,Hotel Sea Palace,Kochupilamood Kollam ,20,1.1,,,,,,,,,,,,,,,,,,,,,,,,,,,,,,,,,,,,,,,,,,,,,,,,
290,Kerala,Kollam,3 Star,Without Alcohol,Hotel Shilpa Retreat,Ayur Kollam,10,2.3,,,,,,,,,,,,,,,,,,,,,,,,,,,,,,,,,,,,,,,,,,,,,,,,
291,Kerala,Kollam,3 Star,Without Alcohol,HOTEL SOORYA,KANNANALLOOR ROAD  KOTTIYAM P O  ,10,2.4,,,,,,,,,,,,,,,,,,,,,,,,,,,,,,,,,,,,,,,,,,,,,,,,
292,Kerala,Kollam,3 Star,Without Alcohol,HOTEL VIJAYA CASTLE,A unit of V  Narayana Pillai and Company  Mannannamukku  Manakara  Sasthamkotta P O  Kollam District  Kerala State  Pin     690 521 ,21,4.9,,,,,,,,,,,,,,,,,,,,,,,,,,,,,,,,,,,,,,,,,,,,,,,,
293,Kerala,Kollam,3 Star,Without Alcohol,Hotel Vijaya Palace,THATTASSERY  CHAVARA  KOLLAM,14,1.4,,,,,,,,,,,,,,,,,,,,,,,,,,,,,,,,,,,,,,,,,,,,,,,,
294,Kerala,Kollam,3 Star,Without Alcohol,Mangalath Hotel and Resorts,Chadayamangalam  Kollam,15,3.4,,,,,,,,,,,,,,,,,,,,,,,,,,,,,,,,,,,,,,,,,,,,,,,,
295,Kerala,Kollam,3 Star,Without Alcohol,MARIYALAYAM MUNROE ISLAND RESIDENCY,PATTAMTHURUTHU P O  MUNROETHURUTHU  KOLLAM,12,4,,,,,,,,,,,,,,,,,,,,,,,,,,,,,,,,,,,,,,,,,,,,,,,,
296,Kerala,Kollam,3 Star,Without Alcohol,ROYALE REGENCY HOTEL AND CONVENTION CENTER,NH 66 47  OACHIRA KOLLAM DISTRICT,29,3,,,,,,,,,,,,,,,,,,,,,,,,,,,,,,,,,,,,,,,,,,,,,,,,
297,Kerala,Kollam,3 Star,Without Alcohol,San Tourist Home ,Kavanadu P O   Kollam ,11,5,,,,,,,,,,,,,,,,,,,,,,,,,,,,,,,,,,,,,,,,,,,,,,,,
298,Kerala,Kollam,3 Star,Without Alcohol,SREE GOKULAM RESIDENCY   A UNIT OF SREE GOKULAM HOTEL  INDIA  PVT LTD ,SREE GOKULAM RESIDENCY   A UNIT OF SREE GOKULAM HOTEL  INDIA  PVT LTD   ADAYARA  OYOOR  KOLLAM,11,4,,,,,,,,,,,,,,,,,,,,,,,,,,,,,,,,,,,,,,,,,,,,,,,,
299,Kerala,Kollam,3 Star,Without Alcohol,THE ESQUIRE PARK,IVARKALA WEST NORTH  PUTHENAMBALAM  P O  KUNNATHUR  KOLLAM ,12,2.2,,,,,,,,,,,,,,,,,,,,,,,,,,,,,,,,,,,,,,,,,,,,,,,,
300,Kerala,Kollam,3 Star,Without Alcohol,Vijaya Hotel and Bar,Pada South  Karunagappally  Kollam,10,4.5,,,,,,,,,,,,,,,,,,,,,,,,,,,,,,,,,,,,,,,,,,,,,,,,
301,Kerala,Kottayam,3 Star,Without Alcohol,Finch Hotels  A unit of Ms Finch Hotels and Traders Pvt Ltd ,Vadakkekara Erattupetta Kottayam,19,5,,,,,,,,,,,,,,,,,,,,,,,,,,,,,,,,,,,,,,,,,,,,,,,,
302,Kerala,Kottayam,3 Star,Without Alcohol,HOTEL AIDA,AIDA Jn  M C Road  Kottayam  Kerala,33,2.2,,,,,,,,,,,,,,,,,,,,,,,,,,,,,,,,,,,,,,,,,,,,,,,,
303,Kerala,Kottayam,3 Star,Without Alcohol,Hotel Alaina,Central Junction Karukachal Kottayam,10,4.4,,,,,,,,,,,,,,,,,,,,,,,,,,,,,,,,,,,,,,,,,,,,,,,,
304,Kerala,Kottayam,3 Star,Without Alcohol,Hotel Anjali Park,K K Road  Kottayam ,19,3.2,,,,,,,,,,,,,,,,,,,,,,,,,,,,,,,,,,,,,,,,,,,,,,,,
305,Kerala,Kottayam,3 Star,Without Alcohol,HOTEL ARCADIA,T B ROAD OPPOSITE KSRTC BUS STATION KOTTAYAM,47,2,,,,,,,,,,,,,,,,,,,,,,,,,,,,,,,,,,,,,,,,,,,,,,,,
306,Kerala,Kottayam,3 Star,Without Alcohol,Hotel Armani,Galaxy Junction  Mundakayam  Kerala 686513,10,1,,,,,,,,,,,,,,,,,,,,,,,,,,,,,,,,,,,,,,,,,,,,,,,,
307,Kerala,Kottayam,3 Star,Without Alcohol,HOTEL BREEZE INTERNATIONAL ,NEAR NO  1 PVT  BUS STAND  KAVALA  CHANGANACHERRY  KOTTAYAM DISTRICT ,10,4.4,,,,,,,,,,,,,,,,,,,,,,,,,,,,,,,,,,,,,,,,,,,,,,,,
308,Kerala,Kottayam,3 Star,Without Alcohol,HOTEL CASTLE RESIDENCY,PERUVA P O,11,3.4,,,,,,,,,,,,,,,,,,,,,,,,,,,,,,,,,,,,,,,,,,,,,,,,
309,Kerala,Kottayam,3 Star,Without Alcohol,HOTEL MEDAS,A UNIT OF KAY KAY ENTERPRISES  PONKUNNAM  KOTTAYAM DISTRICT   686506,11,1.6,,,,,,,,,,,,,,,,,,,,,,,,,,,,,,,,,,,,,,,,,,,,,,,,
310,Kerala,Kottayam,3 Star,Without Alcohol,HOTEL NITHYA,GANDHINAGAR  KOTTAYAM DISTRICT,11,3.5,,,,,,,,,,,,,,,,,,,,,,,,,,,,,,,,,,,,,,,,,,,,,,,,
311,Kerala,Kottayam,3 Star,Without Alcohol,Hotel Pankaj ,Vaikom Road  Thalayolaparambu P O  Kottayam ,10,2.4,,,,,,,,,,,,,,,,,,,,,,,,,,,,,,,,,,,,,,,,,,,,,,,,
312,Kerala,Kottayam,3 Star,Without Alcohol,HOTEL PRESIDENCY,KAVALA  CHANGANACHERRY  KOTTAYAM DISTRICT,10,4,,,,,,,,,,,,,,,,,,,,,,,,,,,,,,,,,,,,,,,,,,,,,,,,
313,Kerala,Kottayam,3 Star,Without Alcohol,HOTEL PRINCE  ,K K ROAD  KANJIKUZHY  KOTTAYAM,10,3,,,,,,,,,,,,,,,,,,,,,,,,,,,,,,,,,,,,,,,,,,,,,,,,
314,Kerala,Kottayam,3 Star,Without Alcohol,HOTEL SUMMERSAND RESTAURANT,VELLOORE P O  PAMPADY  KOTTAYAM Kottayam,11,1.1,,,,,,,,,,,,,,,,,,,,,,,,,,,,,,,,,,,,,,,,,,,,,,,,
315,Kerala,Kottayam,3 Star,Without Alcohol,HOTEL VARSHA INTERNATIONAL RESIDENCY,A UNIT OF ROYALGOLF HOTELS INDIA PRIVATE LIMITED  MANJOOR P O  KURUPPANTHARA  KOTTAYAM ,15,2.3,,,,,,,,,,,,,,,,,,,,,,,,,,,,,,,,,,,,,,,,,,,,,,,,
316,Kerala,Kottayam,3 Star,Without Alcohol,Hotel Zodiac International,Kaduthuruthy  Kottayam,10,2.4,,,,,,,,,,,,,,,,,,,,,,,,,,,,,,,,,,,,,,,,,,,,,,,,
317,Kerala,Kottayam,3 Star,Without Alcohol,JOYEES RESIDENCY,YMCA ROAD  KOTTAYAM Kottayam,12,4,,,,,,,,,,,,,,,,,,,,,,,,,,,,,,,,,,,,,,,,,,,,,,,,
318,Kerala,Kottayam,3 Star,Without Alcohol,Merlin Residency,Manarcadu Jn  Kottayam,11,3,,,,,,,,,,,,,,,,,,,,,,,,,,,,,,,,,,,,,,,,,,,,,,,,
319,Kerala,Kovalam,3 Star,Without Alcohol,DIAMOND PALACE HOTEL,Kovalam Bypass Road Edavilakom Vazhamuttom P O   Kovalam Trivandrum,10,2,,,,,,,,,,,,,,,,,,,,,,,,,,,,,,,,,,,,,,,,,,,,,,,,
320,Kerala,Kovalam,3 Star,Without Alcohol,HOTEL SEA FACE,N U P Beach Road  Kovalam  Trivandrum ,20,3,,,,,,,,,,,,,,,,,,,,,,,,,,,,,,,,,,,,,,,,,,,,,,,,
321,Kerala,Koyilandy,3 Star,Without Alcohol,Kalyan Residency,Railway station Road  Opp  New Bus stand  Koyilandy  Kozhikkode   Kerala,11,5,,,,,,,,,,,,,,,,,,,,,,,,,,,,,,,,,,,,,,,,,,,,,,,,
322,Kerala,Kozhikode,3 Star,Without Alcohol,Hotel Hasthinapuri Inn,Chungam  Thamarassery  Kozhikode,14,4,,,,,,,,,,,,,,,,,,,,,,,,,,,,,,,,,,,,,,,,,,,,,,,,
323,Kerala,Kozhikode,3 Star,Without Alcohol,HOTEL MONAD,KGP 20511 KARANTHUR PO  KUNNAMANGALAM  KOZHIKODE KERALA 673571,20,2.2,,,,,,,,,,,,,,,,,,,,,,,,,,,,,,,,,,,,,,,,,,,,,,,,
324,Kerala,Kozhikode,3 Star,Without Alcohol,Hotel Springway  A unit of Hotel Springway LLP ,Building no KP 23622A  B  C  D  E  F G wayanad road  Kunnamangalam Kozhikode,11,4.5,,,,,,,,,,,,,,,,,,,,,,,,,,,,,,,,,,,,,,,,,,,,,,,,
325,Kerala,Kozhikode,3 Star,Without Alcohol,HOTEL THUSHARA INTERNATIONAL,KODENCHERRY P O VIA THAMARASSERY KOZHIKODE DT ,19,5,,,,,,,,,,,,,,,,,,,,,,,,,,,,,,,,,,,,,,,,,,,,,,,,
326,Kerala,Kozhikode,3 Star,Without Alcohol,Kings Regency  A unit of King s Regency LLP ,Building No 5 540A  NH Bypass  Pantheerankavu Kozhikode,11,2.2,,,,,,,,,,,,,,,,,,,,,,,,,,,,,,,,,,,,,,,,,,,,,,,,
327,Kerala,Kozhikode,3 Star,Without Alcohol,KOVILAKAM RESIDENCY  A UNIT OF KOVILAKAM RESIDENCY PRIVATE LIMITED ,OPP  MIMS   MINI BYPASS ROAD  GOVINDAPURAM  KOZHIKODE 673016  KERALA Kozhikode,27,4.4,,,,,,,,,,,,,,,,,,,,,,,,,,,,,,,,,,,,,,,,,,,,,,,,
328,Kerala,Kozhikode,3 Star,Without Alcohol,MEDORA HOTEL,Opposite Stadium Pavamani Road Kozhikode ,40,3.2,,,,,,,,,,,,,,,,,,,,,,,,,,,,,,,,,,,,,,,,,,,,,,,,
329,Kerala,Kozhikode,3 Star,Without Alcohol,Park Residency,Ramanattukara  Kozhikode,16,2,,,,,,,,,,,,,,,,,,,,,,,,,,,,,,,,,,,,,,,,,,,,,,,,
330,Kerala,Kozhikode,3 Star,Without Alcohol,Queens Hotel,Annie Hall Road  Near Railway station Road  Kozhikode,11,,,,,,,,,,,,,,,,,,,,,,,,,,,,,,,,,,,,,,,,,,,,,,,,,
331,Kerala,Kozhikode,3 Star,Without Alcohol,Theertha International,payyoli Kozhikode Dist Kerala,15,4,,,,,,,,,,,,,,,,,,,,,,,,,,,,,,,,,,,,,,,,,,,,,,,,
332,Kerala,Kunnamkulam,3 Star,Without Alcohol,R C Park,Opp Town hall Herbert Road Kunnamkulam,10,3,,,,,,,,,,,,,,,,,,,,,,,,,,,,,,,,,,,,,,,,,,,,,,,,
333,Kerala,Kunnamkulam,3 Star,Without Alcohol,victory inn park residency,Calicut Road  Parempadam  Kunnamkulam Thrissur,10,1.1,,,,,,,,,,,,,,,,,,,,,,,,,,,,,,,,,,,,,,,,,,,,,,,,
334,Kerala,Malappuram,3 Star,Without Alcohol,Hotel Mahendrapuri,Kavungal Malappuram Post Malappuram District,12,2.3,,,,,,,,,,,,,,,,,,,,,,,,,,,,,,,,,,,,,,,,,,,,,,,,
335,Kerala,Malappuram,3 Star,Without Alcohol,HOTEL PICNIC  A UNIT OF KOCHIKUNNEL WINES ,A UNIT OF KOCHIKUNNEL WINES  COURT ROAD  MANJERI P O  MALAPPURAM DISTRICT  676121,10,2.4,,,,,,,,,,,,,,,,,,,,,,,,,,,,,,,,,,,,,,,,,,,,,,,,
336,Kerala,Malappuram,3 Star,Without Alcohol,Hotel Samrat and Tourist Home,Ooty Road  Edakkara  Malappuram  Districr  Kerala State,10,4.7,,,,,,,,,,,,,,,,,,,,,,,,,,,,,,,,,,,,,,,,,,,,,,,,
337,Kerala,Malappuram,3 Star,Without Alcohol,Hotel Souparnika Inn  A unit of Hotel Souparnika Inn Pvt Ltd  ,Kozhikkode Road  Punnathala P O  Puthanathani  Malapuram Malappuram,12,4.1,,,,,,,,,,,,,,,,,,,,,,,,,,,,,,,,,,,,,,,,,,,,,,,,
338,Kerala,Malappuram,3 Star,Without Alcohol,HOTEL SWAGATH,CALICUT ROAD VALANCHERY MALAPURAM DISTRICT,10,1.3,,,,,,,,,,,,,,,,,,,,,,,,,,,,,,,,,,,,,,,,,,,,,,,,
339,Kerala,Malappuram,3 Star,Without Alcohol,ROSE RESIDENCY,MANNARKKAD ROAD  PERINTHALMANNA  MALAPPURAM DISTRICT 679322,13,1,,,,,,,,,,,,,,,,,,,,,,,,,,,,,,,,,,,,,,,,,,,,,,,,
340,Kerala,Mavelikkara,3 Star,Without Alcohol,HOTEL SIXER,Thattarambalam  Mavelikara road  Mavelikara  Alappuzha ,10,4.4,,,,,,,,,,,,,,,,,,,,,,,,,,,,,,,,,,,,,,,,,,,,,,,,
341,Kerala,Mavelikkara,3 Star,Without Alcohol,HOTEL TRAVANCORE REGENCY,NORTH MITCHEL JUNCTION  MAVELIKKARA ALAPPUZHA,11,3.4,,,,,,,,,,,,,,,,,,,,,,,,,,,,,,,,,,,,,,,,,,,,,,,,
342,Kerala,Munnar,3 Star,Without Alcohol,Hotel Princess De Munnar,Chithirapuram  Post   Anachal Munnar ,10,1.6,,,,,,,,,,,,,,,,,,,,,,,,,,,,,,,,,,,,,,,,,,,,,,,,
343,Kerala,Munnar,3 Star,Without Alcohol,ISSACS RESIDENCY,Top Station Road  Munnar  ,32,3.5,,,,,,,,,,,,,,,,,,,,,,,,,,,,,,,,,,,,,,,,,,,,,,,,
344,Kerala,Muvattupuzha,3 Star,Without Alcohol,Janatha Tourist Home,Kavitha Road Kacherithazham Muvattupuzha Ernakulam Muvattupuzha,10,2.4,,,,,,,,,,,,,,,,,,,,,,,,,,,,,,,,,,,,,,,,,,,,,,,,
345,Kerala,Muvattupuzha,3 Star,Without Alcohol,NEELAMBARI SUITES,VILLANCHIRA THALAKODE P O  NERIAYAMANGALAM KOTHAMANGALAM ERNAKULAM DIST ,22,4,,,,,,,,,,,,,,,,,,,,,,,,,,,,,,,,,,,,,,,,,,,,,,,,
346,Kerala,Muvattupuzha,3 Star,Without Alcohol,The Krishna Regency Muvattupuzha ,The Krishna Regency  Near Private Bus Stand Thodupuzha Road  Muvattupuzha   686661,11,3,,,,,,,,,,,,,,,,,,,,,,,,,,,,,,,,,,,,,,,,,,,,,,,,
347,Kerala,Ottappalam,3 Star,Without Alcohol,KOTTARAMHOTELS PVT LTD,A K G ROAD OTTAPALAM Ottappalam,19,1.1,,,,,,,,,,,,,,,,,,,,,,,,,,,,,,,,,,,,,,,,,,,,,,,,
348,Kerala,Palai,3 Star,Without Alcohol,Hotel Maharani,Michael Joseph And Co   Main Road   Pala P O  Kottayam,12,2.3,,,,,,,,,,,,,,,,,,,,,,,,,,,,,,,,,,,,,,,,,,,,,,,,
349,Kerala,Palai,3 Star,Without Alcohol,Hotel Zodiac,Uzhavoor  Kottayam Dist ,11,2.4,,,,,,,,,,,,,,,,,,,,,,,,,,,,,,,,,,,,,,,,,,,,,,,,
350,Kerala,Palakkad,3 Star,Without Alcohol,DEEPA RESTAURANT AND TOURIST HOME,DEEPA RESTAURANT AND TOURIST HOME  PATTAMBI ROAD  CHERUPULACHERY  PALAKAD DIST   KERALA 679503,11,1,,,,,,,,,,,,,,,,,,,,,,,,,,,,,,,,,,,,,,,,,,,,,,,,
351,Kerala,Palakkad,3 Star,Without Alcohol,GAYATHRI INN,KALLADIKKODE P O  PALAKKAD DISTRICT,11,3,,,,,,,,,,,,,,,,,,,,,,,,,,,,,,,,,,,,,,,,,,,,,,,,
352,Kerala,Palakkad,3 Star,Without Alcohol,HOTEL CHANAKYA,CHANDRA NAGAR  PALAKKAD,11,4,,,,,,,,,,,,,,,,,,,,,,,,,,,,,,,,,,,,,,,,,,,,,,,,
353,Kerala,Palakkad,3 Star,Without Alcohol,HOTEL DIANA  THE SOUTH MALABAR TRADING COMPANY ,VADAKKENCHERRY POST  PALAKKAD DISTRICT ,11,3,,,,,,,,,,,,,,,,,,,,,,,,,,,,,,,,,,,,,,,,,,,,,,,,
354,Kerala,Palakkad,3 Star,Without Alcohol,HOTEL GAYATHRI INTERNATIONAL,THRIPPALUR  ERIMAYUR P O  PALAKKAD DISTRICT Palakkad,13,5,,,,,,,,,,,,,,,,,,,,,,,,,,,,,,,,,,,,,,,,,,,,,,,,
355,Kerala,Palakkad,3 Star,Without Alcohol,HOTEL GAYATHRI REGENCY,KADAMPAZHIPURAM P O  PALAKKAD DISTRICT  KERALA STATE,13,4,,,,,,,,,,,,,,,,,,,,,,,,,,,,,,,,,,,,,,,,,,,,,,,,
356,Kerala,Palakkad,3 Star,Without Alcohol,Hotel Govardhana,3 413  Rock Garden Road  Malampuzha Dam Post  Malampuzha   Palakkad  Dist ,12,2.2,,,,,,,,,,,,,,,,,,,,,,,,,,,,,,,,,,,,,,,,,,,,,,,,
357,Kerala,Palakkad,3 Star,Without Alcohol,HOTEL KAIRALI, A UNIT OF RAJENDRAN AND ASSOCIATE   NEAR KSRTC BUS STAND  SHORANUR ROAD  PALAKKAD DISTRICT,14,4.5,,,,,,,,,,,,,,,,,,,,,,,,,,,,,,,,,,,,,,,,,,,,,,,,
358,Kerala,Palakkad,3 Star,Without Alcohol,HOTEL KAIRALI TOWERS,NEAR INDIRA GANDHI STADIUM COIMBATORE ROAD  Palakkad,12,5,,,,,,,,,,,,,,,,,,,,,,,,,,,,,,,,,,,,,,,,,,,,,,,,
359,Kerala,Palakkad,3 Star,Without Alcohol,HOTEL MAPS RESIDENCY,M G  ROAD  OPP  DYSP OFFICE  SHORANUR  PALAKKAD DISTRICT,14,2.2,,,,,,,,,,,,,,,,,,,,,,,,,,,,,,,,,,,,,,,,,,,,,,,,
360,Kerala,Palakkad,3 Star,Without Alcohol,Hotel Rajadhani,R S Road  Pattambi  Palakkad  Dist ,12,4.4,,,,,,,,,,,,,,,,,,,,,,,,,,,,,,,,,,,,,,,,,,,,,,,,
361,Kerala,Palakkad,3 Star,Without Alcohol,JYOTHIS REGENCY  A unit of Moochikunnans Hotel Pvt  Ltd  ,No 9 421 to 448 KANNAMBRA GRAMA PANCHAYATH NH 47 KARAYANGAD VADAKKENCHERY PO PALAKKAD  Palakkad Palakkad,20,3.2,,,,,,,,,,,,,,,,,,,,,,,,,,,,,,,,,,,,,,,,,,,,,,,,
362,Kerala,Palakkad,3 Star,Without Alcohol,KALYAN TOURIST HOME,G  B  ROAD  ERUMAKKARA STREET  PALAKKAD,15,3.1,,,,,,,,,,,,,,,,,,,,,,,,,,,,,,,,,,,,,,,,,,,,,,,,
363,Kerala,Palakkad,3 Star,Without Alcohol,Sree Narayana Hotel,Ambalapara,11,4,,,,,,,,,,,,,,,,,,,,,,,,,,,,,,,,,,,,,,,,,,,,,,,,
364,Kerala,Palakkad,3 Star,Without Alcohol,The Gold Hotel,Padalodumedu   Near Venkateswara Petrol Pump Kuzhalmannam  Post   Palakkad ,10,3,,,,,,,,,,,,,,,,,,,,,,,,,,,,,,,,,,,,,,,,,,,,,,,,
365,Kerala,Paravoor,3 Star,Without Alcohol,Hotel Grand Muziris,Opp  Civil Station  N  Paravoor,11,1.1,,,,,,,,,,,,,,,,,,,,,,,,,,,,,,,,,,,,,,,,,,,,,,,,
366,Kerala,Paravoor,3 Star,Without Alcohol,JAYA TOURIST HOME,JAYA TOURIST HOME  OPP PWD GUEST HOUSE  N PARAVOOR  ERNAKULAM DISTRICT  KERALA,10,2.3,,,,,,,,,,,,,,,,,,,,,,,,,,,,,,,,,,,,,,,,,,,,,,,,
367,Kerala,Pathanamthitta,3 Star,Without Alcohol,Hotel Amala,Opp  KSRTC Bus Station  Pathanamthitta,10,2.4,,,,,,,,,,,,,,,,,,,,,,,,,,,,,,,,,,,,,,,,,,,,,,,,
368,Kerala,Pathanamthitta,3 Star,Without Alcohol,Hotel Heyday Inn,Aban Junction  Pathanamthitta P O  Pathanamthitta ,10,4.7,,,,,,,,,,,,,,,,,,,,,,,,,,,,,,,,,,,,,,,,,,,,,,,,
369,Kerala,Pathanamthitta,3 Star,Without Alcohol,HOTEL SEA BLUE,OPP  PRIVATE BUS STAND MALLAPPALLY P O  MALLAPPALLY PATHANAMTHITTA,10,4.1,,,,,,,,,,,,,,,,,,,,,,,,,,,,,,,,,,,,,,,,,,,,,,,,
370,Kerala,Pathanamthitta,3 Star,Without Alcohol,HOTEL SURYA AND GIRIRANI TOURIST HOME,Opp K S R T C Bus Stand   Main Road Konni Pathanamthitta Dist Pathanamthitta,10,1.3,,,,,,,,,,,,,,,,,,,,,,,,,,,,,,,,,,,,,,,,,,,,,,,,
371,Kerala,Pathanamthitta,3 Star,Without Alcohol,KUTTIES RESIDENCY,Market Junction  Konni Pathanamthitta,11,2.4,,,,,,,,,,,,,,,,,,,,,,,,,,,,,,,,,,,,,,,,,,,,,,,,
372,Kerala,Pathanamthitta,3 Star,Without Alcohol,Shines Tourist Hotel,P B No 5 Pandalam Pathanamthitta Dist ,12,3.1,,,,,,,,,,,,,,,,,,,,,,,,,,,,,,,,,,,,,,,,,,,,,,,,
373,Kerala,Pattambi,3 Star,Without Alcohol,NAKSHATRA REGENCY,3 284  PATTAMBI MAIN ROAD  KOPPAM  PALAKKAD  PIN     679 307,12,2.6,,,,,,,,,,,,,,,,,,,,,,,,,,,,,,,,,,,,,,,,,,,,,,,,
374,Kerala,Payyanur,3 Star,Without Alcohol,HOTEL ARCHANA AND DWARAKA TOURIST HOME,Main Road  Payyannur  Kannur ,22,1.4,,,,,,,,,,,,,,,,,,,,,,,,,,,,,,,,,,,,,,,,,,,,,,,,
375,Kerala,Payyanur,3 Star,Without Alcohol,K B C GREEN PARK HOTEL,EDAT PAYYANUR KANNUR DIST  KERALA STATE,22,4.9,,,,,,,,,,,,,,,,,,,,,,,,,,,,,,,,,,,,,,,,,,,,,,,,
376,Kerala,Perumbavoor,3 Star,Without Alcohol,EAGLE TOURIST HOME,M C  Road  Perumbavoor P O   Ernakulam,10,1.9,,,,,,,,,,,,,,,,,,,,,,,,,,,,,,,,,,,,,,,,,,,,,,,,
377,Kerala,Perumbavoor,3 Star,Without Alcohol,EMBASSERY RESIDENCY,KURUPPAMPADY P O  ERNAKULAM DISTRICT KERALA STATE,11,2.9,,,,,,,,,,,,,,,,,,,,,,,,,,,,,,,,,,,,,,,,,,,,,,,,
378,Kerala,Perumbavoor,3 Star,Without Alcohol,HOTEL ANJALY INTERNATIONAL,HOTEL ANJALY INTERNATIONAL  OUSHADHI JN   M C  ROAD  PERUMBAVOOR,10,3.7,,,,,,,,,,,,,,,,,,,,,,,,,,,,,,,,,,,,,,,,,,,,,,,,
379,Kerala,Perumbavoor,3 Star,Without Alcohol,Manna Tourist Home,A M Road  Perumbavoor,10,3.5,,,,,,,,,,,,,,,,,,,,,,,,,,,,,,,,,,,,,,,,,,,,,,,,
380,Kerala,Perumbavoor,3 Star,Without Alcohol,RITZ INTERNATIONAL,A M ROAD  PERUMBAVOOR,11,3.1,,,,,,,,,,,,,,,,,,,,,,,,,,,,,,,,,,,,,,,,,,,,,,,,
381,Kerala,Ponnani,3 Star,Without Alcohol,HOTEL SAAYOOJ,THRISSUR ROAD  SUKAPURAM PO EDAPPAL MALAPURAM DIST  Ponnani,10,4.1,,,,,,,,,,,,,,,,,,,,,,,,,,,,,,,,,,,,,,,,,,,,,,,,
382,Kerala,Punalur,3 Star,Without Alcohol,NARENDRA REGENCY,GOVT  HOSPITAL ROAD  PUNALUR  KOLLAM,11,3.1,,,,,,,,,,,,,,,,,,,,,,,,,,,,,,,,,,,,,,,,,,,,,,,,
383,Kerala,Quilandy,3 Star,Without Alcohol,Park Residency,Koyilandy P O  Kozhikode District,15,4.6,,,,,,,,,,,,,,,,,,,,,,,,,,,,,,,,,,,,,,,,,,,,,,,,
384,Kerala,Shoranur,3 Star,Without Alcohol,Apsara Tourist Home,Opposite to Railway station Shoranur Shoranur,10,3,,,,,,,,,,,,,,,,,,,,,,,,,,,,,,,,,,,,,,,,,,,,,,,,
385,Kerala,Sultan Bathery,3 Star,Without Alcohol,HOTEL THE RESORT,Gandhi junction Rahim memorial Road Sulthan bathery Wayanad Dist  Kerala,10,5,,,,,,,,,,,,,,,,,,,,,,,,,,,,,,,,,,,,,,,,,,,,,,,,
386,Kerala,Taliparamba,3 Star,Without Alcohol,HOTEL CHEMBARATHY GARDEN,7th MILE KUTTIKKOL PO TALIPARAMBA VILLAGE TALIPARAMBA TALUK KANNUR DISTRICT ,17,4,,,,,,,,,,,,,,,,,,,,,,,,,,,,,,,,,,,,,,,,,,,,,,,,
387,Kerala,Thalikkulam,3 Star,Without Alcohol,Central Residency   Unit of Vynika Hotels Private Limited ,VIII   495 F  NH 66  Thalikkulam  Post  Thalikkulam Thalikkulam,10,2.2,,,,,,,,,,,,,,,,,,,,,,,,,,,,,,,,,,,,,,,,,,,,,,,,
388,Kerala,Thekkady,3 Star,Without Alcohol,HOLIDAY VISTA  M S C Hotels and Resorts Pvt Ltd  ,K K Road  Kumuly  Thekkady 685 509 Idukki District,52,4.5,,,,,,,,,,,,,,,,,,,,,,,,,,,,,,,,,,,,,,,,,,,,,,,,
389,Kerala,Thiruvalla,3 Star,Without Alcohol,Hotel Ashok International,T K Road  Thiruvalla  Pathanamthitta,10,5,,,,,,,,,,,,,,,,,,,,,,,,,,,,,,,,,,,,,,,,,,,,,,,,
390,Kerala,Thiruvalla,3 Star,Without Alcohol,Hotel Bessota International,Near YMCA  Tiruvalla  Pathanamthitta  Kerala,20,2.2,,,,,,,,,,,,,,,,,,,,,,,,,,,,,,,,,,,,,,,,,,,,,,,,
391,Kerala,Thiruvananthapuram,3 Star,Without Alcohol,Amala s Residency,Central Theatre Road Powerhouse Road Opposite Railway 2nd Entry Pazhavangadi Thiruvananthapuram ,16,4.4,,,,,,,,,,,,,,,,,,,,,,,,,,,,,,,,,,,,,,,,,,,,,,,,
392,Kerala,Thiruvananthapuram,3 Star,Without Alcohol,HOTEL ASLIYYA GRANDE,NAVAIKULAM  TRIVANDRUM 695603,20,3.2,,,,,,,,,,,,,,,,,,,,,,,,,,,,,,,,,,,,,,,,,,,,,,,,
393,Kerala,Thiruvananthapuram,3 Star,Without Alcohol,HOTEL CITY PALACE,ARAYALLOOR   THIRUMALA PO   TRIVANDRUM Thiruvananthapuram,10,2,,,,,,,,,,,,,,,,,,,,,,,,,,,,,,,,,,,,,,,,,,,,,,,,
394,Kerala,Thiruvananthapuram,3 Star,Without Alcohol,Hotel Flamingo Inn a unit of flamingo Inn Pvt Ltd ,Opp  Infosys Campus  Technopark  By pass Medanada Kulathoor  p o Trivandrum,41,1,,,,,,,,,,,,,,,,,,,,,,,,,,,,,,,,,,,,,,,,,,,,,,,,
395,Kerala,Thiruvananthapuram,3 Star,Without Alcohol,HOTEL HIGHNESS INN,PERUMTHANNI  EANCHACKAL  TRIVANDRUM,11,2,,,,,,,,,,,,,,,,,,,,,,,,,,,,,,,,,,,,,,,,,,,,,,,,
396,Kerala,Thiruvananthapuram,3 Star,Without Alcohol,HOTEL INDRAPRASTHA,HOTEL INDRAPRASTHA  MAITHANAM  VARKALA PO  THIRUVANANTHAPURAM 695141,10,4,,,,,,,,,,,,,,,,,,,,,,,,,,,,,,,,,,,,,,,,,,,,,,,,
397,Kerala,Thiruvananthapuram,3 Star,Without Alcohol,HOTEL INDRAPRASTHA,ATTAKULANGARA P O  THIRUVANANTHAPURAM,15,3,,,,,,,,,,,,,,,,,,,,,,,,,,,,,,,,,,,,,,,,,,,,,,,,
398,Kerala,Thiruvananthapuram,3 Star,Without Alcohol,Hotel Indrapuri,TC 26 689  1 2   Vanross Junction  Trivandrum Thiruvananthapuram Thiruvananthapuram ,10,1.1,,,,,,,,,,,,,,,,,,,,,,,,,,,,,,,,,,,,,,,,,,,,,,,,
399,Kerala,Thiruvananthapuram,3 Star,Without Alcohol,HOTEL PADMA,CONVENT ROAD  VANCHIYOOR  TRIVANDRUM,10,2.3,,,,,,,,,,,,,,,,,,,,,,,,,,,,,,,,,,,,,,,,,,,,,,,,
400,Kerala,Thiruvananthapuram,3 Star,Without Alcohol,HOTEL PRASANTH ,HOTEL PRASANTH   A unit of PRASAD HOTELS PRIVATE LIMITED  TC 11 726  P M G Junction  Thiruvananthapuram  695033  Kerala State,51,2.4,,,,,,,,,,,,,,,,,,,,,,,,,,,,,,,,,,,,,,,,,,,,,,,,
401,Kerala,Thiruvananthapuram,3 Star,Without Alcohol,HOTEL PRASANTHI,HOTEL PRASANTHI  PARASSALA PO  NEYYATTINKARA  THIRUVANANTHAPURAM  KERALA ,15,4.7,,,,,,,,,,,,,,,,,,,,,,,,,,,,,,,,,,,,,,,,,,,,,,,,
402,Kerala,Thiruvananthapuram,3 Star,Without Alcohol,Hotel Rajadhani,Hotel Rajadhani  Rajadhani Buildings  East Fort  Thiruvananthapuram   695 023,17,4.1,,,,,,,,,,,,,,,,,,,,,,,,,,,,,,,,,,,,,,,,,,,,,,,,
403,Kerala,Thiruvananthapuram,3 Star,Without Alcohol,Hotel Safari,Near KURTC Bus stand M C  Road Venjaramood Thiruvananthapuram,19,1.3,,,,,,,,,,,,,,,,,,,,,,,,,,,,,,,,,,,,,,,,,,,,,,,,
404,Kerala,Thiruvananthapuram,3 Star,Without Alcohol,Leela Backwaters Inn,Bridge Road  Poovar  Thiruvanthapuram  Kerala  India Thiruvananthapuram,15,1.9,,,,,,,,,,,,,,,,,,,,,,,,,,,,,,,,,,,,,,,,,,,,,,,,
405,Kerala,Thiruvananthapuram,3 Star,Without Alcohol,PADMASREE TOURIST HOME,Chirayinkeezhu Thiruvananthapuram,11,1.4,,,,,,,,,,,,,,,,,,,,,,,,,,,,,,,,,,,,,,,,,,,,,,,,
406,Kerala,Thiruvananthapuram,3 Star,Without Alcohol,Pattom Royal Hotel,TC 3 2778 1  Pattom   Plamoodu Reach  Pattom Road,45,2.4,,,,,,,,,,,,,,,,,,,,,,,,,,,,,,,,,,,,,,,,,,,,,,,,
407,Kerala,Thiruvananthapuram,3 Star,Without Alcohol,RACO REGENCY,MURINJAPALAM  MEDICAL COLLEGE  THIRUVANATHAPURAM,12,2.1,,,,,,,,,,,,,,,,,,,,,,,,,,,,,,,,,,,,,,,,,,,,,,,,
408,Kerala,Thiruvananthapuram,3 Star,Without Alcohol,RUBY ARENA,Kumarapuram Road  Medical Collage P O  Thiruvananthapuram Dist   Kerala State  Pin 695011,40,3,,,,,,,,,,,,,,,,,,,,,,,,,,,,,,,,,,,,,,,,,,,,,,,,
409,Kerala,Thiruvananthapuram,3 Star,Without Alcohol,The Grand Residency ,Nellimoodu P O  Thiruvananthapuram ,16,5,,,,,,,,,,,,,,,,,,,,,,,,,,,,,,,,,,,,,,,,,,,,,,,,
410,Kerala,Thiruvananthapuram,3 Star,Without Alcohol,THE TRAVANCORE HERITAGE  A Unit of Joys The Beach Resort P  Ltd  ,Balaramapuram  Near kovalam  Chowara P O   695501 Thiruvananthapuram  Kerala  India  ,84,4,,,,,,,,,,,,,,,,,,,,,,,,,,,,,,,,,,,,,,,,,,,,,,,,
411,Kerala,Thodupuzha,3 Star,Without Alcohol,GEMINY TOURIST HOME,Manakkad Jn  Thodupuzha PO Idukki Dist ,17,2.2,,,,,,,,,,,,,,,,,,,,,,,,,,,,,,,,,,,,,,,,,,,,,,,,
412,Kerala,Thodupuzha,3 Star,Without Alcohol,Hotel Vrindavan,Vannappuram P O  Thodupuzha  Idukki Dist,11,4.5,,,,,,,,,,,,,,,,,,,,,,,,,,,,,,,,,,,,,,,,,,,,,,,,
413,Kerala,Thodupuzha,3 Star,Without Alcohol,Hotel Xavier s Avenue Pvt  Ltd ,Paingotoor  Munnar Road  Kothamangalam  Ernakulam dist Thodupuzha,20,5,,,,,,,,,,,,,,,,,,,,,,,,,,,,,,,,,,,,,,,,,,,,,,,,
414,Kerala,Thodupuzha,3 Star,Without Alcohol,Tee Cee Restaurant,Thodupuzha Muvattupuzha Road  Thodupuzha,11,2.2,,,,,,,,,,,,,,,,,,,,,,,,,,,,,,,,,,,,,,,,,,,,,,,,
415,Kerala,Thripunithura,3 Star,Without Alcohol,Kottavathil Restaurant ,Near Statue Jn  Tripunithura  Ernakulam,10,4.4,,,,,,,,,,,,,,,,,,,,,,,,,,,,,,,,,,,,,,,,,,,,,,,,
416,Kerala,Thrissur,3 Star,Without Alcohol,ASHOKA INN,SAKTHAN THAMPURAN NAGAR T B ROAD THRISSUR,34,3.2,,,,,,,,,,,,,,,,,,,,,,,,,,,,,,,,,,,,,,,,,,,,,,,,
417,Kerala,Thrissur,3 Star,Without Alcohol,ASHOKA RESIDENCY,IRINJALAKUDA ROAD  P O KATTOOR  THRISSUR  KERALA ,11,2,,,,,,,,,,,,,,,,,,,,,,,,,,,,,,,,,,,,,,,,,,,,,,,,
418,Kerala,Thrissur,3 Star,Without Alcohol,Central Hotel Agencies,Museum Road  Chembukavu  Thrissur ,10,1.7,,,,,,,,,,,,,,,,,,,,,,,,,,,,,,,,,,,,,,,,,,,,,,,,
419,Kerala,Thrissur,3 Star,Without Alcohol,CHERAKULAM TOURIST HOME,TANA IRINJALAKUDA THRISSUR DT ,10,2.4,,,,,,,,,,,,,,,,,,,,,,,,,,,,,,,,,,,,,,,,,,,,,,,,
420,Kerala,Thrissur,3 Star,Without Alcohol,DAYA REGENCY,DAYA REGENCY MANNUTHY ROAD PARAVATTANI THRISSUR   680005 ,10,4,,,,,,,,,,,,,,,,,,,,,,,,,,,,,,,,,,,,,,,,,,,,,,,,
421,Kerala,Thrissur,3 Star,Without Alcohol,Deliza Residency,Vazhani Road Wadakanchery Post Thrissur Ditrict,20,3,,,,,,,,,,,,,,,,,,,,,,,,,,,,,,,,,,,,,,,,,,,,,,,,
422,Kerala,Thrissur,3 Star,Without Alcohol,Devasura Inn  A Unit of Devasura Inn Private Limited,KUNNATHUR  PUNNAYOORKULAM P O  THRISSUR Thrissur,11,1.1,,,,,,,,,,,,,,,,,,,,,,,,,,,,,,,,,,,,,,,,,,,,,,,,
423,Kerala,Thrissur,3 Star,Without Alcohol,Fort Gate Hotels and Resorts  A unit of Fort Gate Hotels and Resorts Private Limited ,KOTTAPPADY  GURUVAYOOR  THRISSUR Thrissur Thrissur,18,2.3,,,,,,,,,,,,,,,,,,,,,,,,,,,,,,,,,,,,,,,,,,,,,,,,
424,Kerala,Thrissur,3 Star,Without Alcohol,GOLDEN BAR,GOLDEN BAR KODAKARA THRISSUR  DIST  KERALA 680684 ,10,2.4,,,,,,,,,,,,,,,,,,,,,,,,,,,,,,,,,,,,,,,,,,,,,,,,
425,Kerala,Thrissur,3 Star,Without Alcohol,HAMARA HOTELS,A UNIT OF HAMARA HOTELS PRIVATE LIMITED  NADATHARA P O  NH 47 BY PASS  THRISSUR DISTRICT,20,4.7,,,,,,,,,,,,,,,,,,,,,,,,,,,,,,,,,,,,,,,,,,,,,,,,
426,Kerala,Thrissur,3 Star,Without Alcohol,HIGHWAY PALACE INN,PATTIKKAD THRISSUR  DISTRICT KERALA,20,4.1,,,,,,,,,,,,,,,,,,,,,,,,,,,,,,,,,,,,,,,,,,,,,,,,
427,Kerala,Thrissur,3 Star,Without Alcohol,HOLIDAY PARK,PUDUKKAD JUNCTION  THRISSUR DISTRICT  KERALA STATE,13,1.3,,,,,,,,,,,,,,,,,,,,,,,,,,,,,,,,,,,,,,,,,,,,,,,,
428,Kerala,Thrissur,3 Star,Without Alcohol,HOTEL APSARA,MAIN ROAD  CHALAKUDY  THRISSUR,10,1,,,,,,,,,,,,,,,,,,,,,,,,,,,,,,,,,,,,,,,,,,,,,,,,
429,Kerala,Thrissur,3 Star,Without Alcohol,Hotel Ayodhya Regency ,Hotel Ayodhya Regency  Triprayar  Thrissur Dist ,10,4.4,,,,,,,,,,,,,,,,,,,,,,,,,,,,,,,,,,,,,,,,,,,,,,,,
430,Kerala,Thrissur,3 Star,Without Alcohol,Hotel Clay House,Muringoor P O  Chalakudy,25,3.4,,,,,,,,,,,,,,,,,,,,,,,,,,,,,,,,,,,,,,,,,,,,,,,,
431,Kerala,Thrissur,3 Star,Without Alcohol,Hotel Dreamland,Triprayar  Nattika P O ,19,1.6,,,,,,,,,,,,,,,,,,,,,,,,,,,,,,,,,,,,,,,,,,,,,,,,
432,Kerala,Thrissur,3 Star,Without Alcohol,HOTEL HILL TOP,134  HOTEL HILL TOP  P O VELUTHUR  KUNNATHANGADI  THRISSUR,11,3.5,,,,,,,,,,,,,,,,,,,,,,,,,,,,,,,,,,,,,,,,,,,,,,,,
433,Kerala,Thrissur,3 Star,Without Alcohol,Hotel Kottaram Residency,Opp Apollo Tyres  Perambra Thrissur,17,2.4,,,,,,,,,,,,,,,,,,,,,,,,,,,,,,,,,,,,,,,,,,,,,,,,
434,Kerala,Thrissur,3 Star,Without Alcohol,HOTEL MOON AND SHOPPING COMPLEX ,PAVARATTY P O  THRISSUR   Thrissur,10,4,,,,,,,,,,,,,,,,,,,,,,,,,,,,,,,,,,,,,,,,,,,,,,,,
435,Kerala,Thrissur,3 Star,Without Alcohol,HOTEL NEW CASTLE,OTTUPARA  WADAKKANCHERRY P O  THRISSUR DISTRICT Thrissur,10,3,,,,,,,,,,,,,,,,,,,,,,,,,,,,,,,,,,,,,,,,,,,,,,,,
436,Kerala,Thrissur,3 Star,Without Alcohol,HOTEL OAK TREE ,A UNIT OF MOSA   SONS TOWER INN PRIVATE LIMITED  THIRUVILWAMALA P O  THRISSUR DISTRICT,14,1.1,,,,,,,,,,,,,,,,,,,,,,,,,,,,,,,,,,,,,,,,,,,,,,,,
437,Kerala,Thrissur,3 Star,Without Alcohol,Hotel Park Residency,Koorkkanchery P O  Thrissur,12,2.3,,,,,,,,,,,,,,,,,,,,,,,,,,,,,,,,,,,,,,,,,,,,,,,,
438,Kerala,Thrissur,3 Star,Without Alcohol,HOTEL PENINSULA,Trichur Tourist Complex Pvt Ltd  M G Road  Thrissur Kerala ,12,2.4,,,,,,,,,,,,,,,,,,,,,,,,,,,,,,,,,,,,,,,,,,,,,,,,
439,Kerala,Thrissur,3 Star,Without Alcohol,Hotel Salkara,Chavakkad Chettuva road Thrissur,10,2.7,,,,,,,,,,,,,,,,,,,,,,,,,,,,,,,,,,,,,,,,,,,,,,,,
440,Kerala,Thrissur,3 Star,Without Alcohol,HOTEL SEVEN SEAS,RAMAKRISHNA IYYER ROAD IRINJALAKUDA THRISSUR DISTRICT,11,2.3,,,,,,,,,,,,,,,,,,,,,,,,,,,,,,,,,,,,,,,,,,,,,,,,
441,Kerala,Thrissur,3 Star,Without Alcohol,Hotel Simla,P O Kanjany   Thrisssur Dist,10,3,,,,,,,,,,,,,,,,,,,,,,,,,,,,,,,,,,,,,,,,,,,,,,,,
442,Kerala,Thrissur,3 Star,Without Alcohol,HOTEL SREE GOKULAM RESIDENCY  A UNIT OF SREE GOKULAM HOTELS INDIA PVT LTD ,AMBALLUR P O  PUDUKKAD THRICHUR,20,5,,,,,,,,,,,,,,,,,,,,,,,,,,,,,,,,,,,,,,,,,,,,,,,,
443,Kerala,Thrissur,3 Star,Without Alcohol,HOTEL WAYLORD,A Unit of Hotel Waylord Private Limited  Thiroor P O  Thrissur District  Kerala State  Pin  680581 ,10,4,,,,,,,,,,,,,,,,,,,,,,,,,,,,,,,,,,,,,,,,,,,,,,,,
444,Kerala,Thrissur,3 Star,Without Alcohol,Hotel Zodiac,Koratty  Thrissur Dist ,10,2.2,,,,,,,,,,,,,,,,,,,,,,,,,,,,,,,,,,,,,,,,,,,,,,,,
445,Kerala,Thrissur,3 Star,Without Alcohol,Keli Residency   A Unit of Keli Hotels Private Limited ,Gramala P O  Mulagunnathukavu  Athani  Thrissur District Thrissur,19,4.5,,,,,,,,,,,,,,,,,,,,,,,,,,,,,,,,,,,,,,,,,,,,,,,,
446,Kerala,Thrissur,3 Star,Without Alcohol,Kovilakam Inn  A unit of Kovilakam Inn India Private Limited ,KAIPARAMBU P O  Thrissur,13,5,,,,,,,,,,,,,,,,,,,,,,,,,,,,,,,,,,,,,,,,,,,,,,,,
447,Kerala,Thrissur,3 Star,Without Alcohol,LUMBINI SUPREME,TC 30 383 2  R S ROAD  OLLUR P O   THRISSUR,10,2.2,,,,,,,,,,,,,,,,,,,,,,,,,,,,,,,,,,,,,,,,,,,,,,,,
448,Kerala,Thrissur,3 Star,Without Alcohol,M R TOURIST HOME,VELLANGALLUR  P O  THRISSUR,10,4.4,,,,,,,,,,,,,,,,,,,,,,,,,,,,,,,,,,,,,,,,,,,,,,,,
449,Kerala,Thrissur,3 Star,Without Alcohol,MAY FAIR HOTELS,PUDUKAD  THRISSUR DIST ,10,3.2,,,,,,,,,,,,,,,,,,,,,,,,,,,,,,,,,,,,,,,,,,,,,,,,
450,Kerala,Thrissur,3 Star,Without Alcohol,Mayura Inn,Mannuthy Bypass Jn Mannuthy PO Thrissur Kerala 680651,18,2,,,,,,,,,,,,,,,,,,,,,,,,,,,,,,,,,,,,,,,,,,,,,,,,
451,Kerala,Thrissur,3 Star,Without Alcohol,Peringottukara Palace,Kizhakkumury P O  Peringottukara  Thrissur,14,1.7,,,,,,,,,,,,,,,,,,,,,,,,,,,,,,,,,,,,,,,,,,,,,,,,
452,Kerala,Thrissur,3 Star,Without Alcohol,Polakulath Tourist Home Kodugallor,North Nada  Kodugallor  Thrissur,10,4,,,,,,,,,,,,,,,,,,,,,,,,,,,,,,,,,,,,,,,,,,,,,,,,
453,Kerala,Thrissur,3 Star,Without Alcohol,POORAM RESIDENCY HOTEL INDIA PRIVATE LIMITED,P O KODANNUR  THRISSUR DISTRICT,13,1.3,,,,,,,,,,,,,,,,,,,,,,,,,,,,,,,,,,,,,,,,,,,,,,,,
454,Kerala,Thrissur,3 Star,Without Alcohol,Rose Residency,Madayikonam p o  Mapranam  Trissur,10,1,,,,,,,,,,,,,,,,,,,,,,,,,,,,,,,,,,,,,,,,,,,,,,,,
455,Kerala,Thrissur,3 Star,Without Alcohol,Solar Hotels  A unit of Solar Hotels Pvt Ltd  ,Pavaratty P O Thrissur Thrissur,10,4.4,,,,,,,,,,,,,,,,,,,,,,,,,,,,,,,,,,,,,,,,,,,,,,,,
456,Kerala,Thrissur,3 Star,Without Alcohol,THE NADUMURI INN,ANNAMANDA  P O THRISSUR DIST KERALA STATE,11,3.4,,,,,,,,,,,,,,,,,,,,,,,,,,,,,,,,,,,,,,,,,,,,,,,,
457,Kerala,Thrissur,3 Star,Without Alcohol,VICTORY INTERNATIONAL,BYJU ROAD KUNNANKULAM Thrissur,10,1.6,,,,,,,,,,,,,,,,,,,,,,,,,,,,,,,,,,,,,,,,,,,,,,,,
458,Kerala,Tirur,3 Star,Without Alcohol,HOTEL DEEPA RESTAURANT,DEEPA HOTEL AND RESTAURANT  TOWN HALL ROAD   TIRUR  MALAPPURAM Tirur Tirur Tirur,12,3.5,,,,,,,,,,,,,,,,,,,,,,,,,,,,,,,,,,,,,,,,,,,,,,,,
459,Kerala,Tirur,3 Star,Without Alcohol,Hotel Salkara,Manjadi Tirur Road  Kuttippuram PO  Pin 679571  Tirur Taluk  Malappuram Dist   Kerala ,11,2.4,,,,,,,,,,,,,,,,,,,,,,,,,,,,,,,,,,,,,,,,,,,,,,,,
460,Kerala,Valancherry,3 Star,Without Alcohol,SWAGATH INN,PATTAMBI ROAD  VALANCHERY ,12,4,,,,,,,,,,,,,,,,,,,,,,,,,,,,,,,,,,,,,,,,,,,,,,,,
461,Kerala,Varkala,3 Star,Without Alcohol,Hindustan Beach Retreat,Papanasam Beach  Janardhanapuram PO ,27,3,,,,,,,,,,,,,,,,,,,,,,,,,,,,,,,,,,,,,,,,,,,,,,,,
462,Kerala,Varkala,3 Star,Without Alcohol,hotel varkala park international,Station Road Varkala   Thiruvananthapuram 695141,16,1.1,,,,,,,,,,,,,,,,,,,,,,,,,,,,,,,,,,,,,,,,,,,,,,,,
463,Kerala,Wayanad,3 Star,Without Alcohol,HOTEL SAUGANDHIKA WEST GATE,Kolagapara P O  Meenangadi   Wayanad District,12,2.3,,,,,,,,,,,,,,,,,,,,,,,,,,,,,,,,,,,,,,,,,,,,,,,,
464,Kerala,Wayanad,3 Star,Without Alcohol,Hotel Manasasaras,Thalassery Road  Mananthavady  Wayand   670 645,13,2.4,,,,,,,,,,,,,,,,,,,,,,,,,,,,,,,,,,,,,,,,,,,,,,,,
465,Kerala,Wayanad,3 Star,Without Alcohol,HOTEL MAYO,MENNANGADI WAYANAD DISTRICT,12,1.7,,,,,,,,,,,,,,,,,,,,,,,,,,,,,,,,,,,,,,,,,,,,,,,,
466,Kerala,Wayanad,3 Star,Without Alcohol,HOTEL VANARANI,MEENANGADI  WAYANAD,10,4.9,,,,,,,,,,,,,,,,,,,,,,,,,,,,,,,,,,,,,,,,,,,,,,,,
467,Kerala,Wayanad,3 Star,Without Alcohol,STERLING HOLIDAY RESORTS LTD,STERLING HOLIDAY RESORTS LTD  VALLU VADI POST  VALLUVADI VILLAGE  SULTHAN BATHERRY  WAYANAD DISTRICT ,61,3.7,,,,,,,,,,,,,,,,,,,,,,,,,,,,,,,,,,,,,,,,,,,,,,,,
468,Madhya Pradesh,Avarghani,3 Star,Without Alcohol,PENCH JUNGLE CAMP,PENCH NATIONAL PARK  VILLAGE AVARGHANI  TEH  KURAI ,31,4,,,,,,,,,,,,,,,,,,,,,,,,,,,,,,,,,,,,,,,,,,,,,,,,
469,Madhya Pradesh,Bhopal,3 Star,Without Alcohol,HOTEL AMER PALACE,209 ZONE 1  MP NAGAR,55,3,,,,,,,,,,,,,,,,,,,,,,,,,,,,,,,,,,,,,,,,,,,,,,,,
470,Madhya Pradesh,Bhopal,3 Star,Without Alcohol,Hotel Amer Palace,209  Zone 1  MP Naagr  Bhopal,55,1.1,,,,,,,,,,,,,,,,,,,,,,,,,,,,,,,,,,,,,,,,,,,,,,,,
471,Madhya Pradesh,Tikamgarh,3 Star,Without Alcohol,Silver Estate Resort,6 Mile Stone  Jhansi Road  Phadikhurd  Tikamgarh,50,2.3,,,,,,,,,,,,,,,,,,,,,,,,,,,,,,,,,,,,,,,,,,,,,,,,
472,Maharashtra,Ahmednagar,3 Star,Without Alcohol,Hotel Yash Grand ,Near Kinetic Chowk  Nagar Pune Road  Ahmednagar  ,27,2.4,,,,,,,,,,,,,,,,,,,,,,,,,,,,,,,,,,,,,,,,,,,,,,,,
473,Maharashtra,Amravati,3 Star,Without Alcohol,THE GRAND MEHFIL,NAZUL PLOT NO  11 2  SHEET NO  31 BEHIND DAYA SAGAR HOSPITAL  GIRLS HIGH SCHOOL SQUARE CAMP ROAD ,79,4.7,,,,,,,,,,,,,,,,,,,,,,,,,,,,,,,,,,,,,,,,,,,,,,,,
474,Maharashtra,Andheri  East ,3 Star,Without Alcohol,Hotel Om Tunga Vihar,Plot No  B 11  MIDC Central Road  Andheri  East  ,20,4.1,,,,,,,,,,,,,,,,,,,,,,,,,,,,,,,,,,,,,,,,,,,,,,,,
475,Maharashtra,Andheri  East ,3 Star,Without Alcohol,The Regale by Tunga A unit of Hotel Tunga Regale  India  Pvt  Ltd  ,PLOT NO  31  PHASE II  MIDC  CENTRAL ROAD  ANDHERI EAST  MUMBAI 400 093 Andheri  East ,49,1.3,,,,,,,,,,,,,,,,,,,,,,,,,,,,,,,,,,,,,,,,,,,,,,,,
476,Maharashtra,Aurangabad,3 Star,Without Alcohol,LEMON TREE HOTEL AURANGABAD,R 7 2  AIRPORT ROAD  CHIKALTHANA  AURANGABAD,102,1,,,,,,,,,,,,,,,,,,,,,,,,,,,,,,,,,,,,,,,,,,,,,,,,
477,Maharashtra,Lonavala,3 Star,Without Alcohol,The Fern  A Unit of Agarwal Hospitality Pvt  Ltd  ,S  No  84   1 to 4 off Mumbai pune expressway near Lonavala expressway exit Valavan Maval Lonavala Pune,80,4.4,,,,,,,,,,,,,,,,,,,,,,,,,,,,,,,,,,,,,,,,,,,,,,,,
478,Maharashtra,Mulshi,3 Star,Without Alcohol,Atmantan Resort Wellness Health Centre ,Village Palse  Mulshi  Pune ,108,3.4,,,,,,,,,,,,,,,,,,,,,,,,,,,,,,,,,,,,,,,,,,,,,,,,
479,Maharashtra,Mumbai,3 Star,Without Alcohol,Citizen Hotel  A UNIT OF CITIZEN HOTELS PVT  LTD  ,960  JUHU TARA ROAD  JUHU BEACH Mumbai,43,1.6,,,,,,,,,,,,,,,,,,,,,,,,,,,,,,,,,,,,,,,,,,,,,,,,
480,Maharashtra,Mumbai,3 Star,Without Alcohol,HOTEL SUNCITY RESIDENCY,16TH ROAD MIDC MAROL ANDHERI EAST MUMBAI 400093,35,3.5,,,,,,,,,,,,,,,,,,,,,,,,,,,,,,,,,,,,,,,,,,,,,,,,
481,Maharashtra,MUMBAI,3 Star,Without Alcohol,Hotel Tunga Paradise,Plot No  16  MIDC Central Road  Andheri  East   Mumbai  Maharashtra  City   Mumbai MUMBAI MUMBAI,40,2.4,,,,,,,,,,,,,,,,,,,,,,,,,,,,,,,,,,,,,,,,,,,,,,,,
482,Maharashtra,Mumbai,3 Star,Without Alcohol,KEYS HOTEL NESTOR ,382 SWAROOP ENCLAVE  MAKHWANA ROAD   OFF MILITARY ROAD   OPP ECO PARK BUILD   MAROL  ANDHERI EAST   MUMBAI  400059  Mumbai,100,4,,,,,,,,,,,,,,,,,,,,,,,,,,,,,,,,,,,,,,,,,,,,,,,,
483,Maharashtra,Mumbai,3 Star,Without Alcohol,Kohinoor Elite  A Unit of Kohinoor Elite Hotels Pvt Ltd  ,Kohinoor City  Kirol Road  Near American School of Bombay  Off LBS Marg  Kurla  West   Mumbai,100,3,,,,,,,,,,,,,,,,,,,,,,,,,,,,,,,,,,,,,,,,,,,,,,,,
484,Maharashtra,Mumbai,3 Star,Without Alcohol,Peninsula Redpine Hotel  A Unit of The Competent Hotel Private Limited,CTS 1355  Andheri Kurla Road  Marol  Mumbai Mumbai,29,1.1,,,,,,,,,,,,,,,,,,,,,,,,,,,,,,,,,,,,,,,,,,,,,,,,
485,Maharashtra,Mumbai,3 Star,Without Alcohol,Sea Palace Hotel,P J Ramchandani Marg  Apollo Bunder  Colaba  Mumbai 400001,47,2.3,,,,,,,,,,,,,,,,,,,,,,,,,,,,,,,,,,,,,,,,,,,,,,,,
486,Maharashtra,Mumbai,3 Star,Without Alcohol,Soho House Mumbai,Plot no  16  Juhu Tara Road  Santa Cruz  W   Mumbai Mumbai Mumbai,36,2.4,,,,,,,,,,,,,,,,,,,,,,,,,,,,,,,,,,,,,,,,,,,,,,,,
487,Maharashtra,Mumbai,3 Star,Without Alcohol,THE MIRADOR,131 B  NEW LINK ROAD  CHAKALA  ANDHERI  EAST   MUMBAI   400099,106,1.3,,,,,,,,,,,,,,,,,,,,,,,,,,,,,,,,,,,,,,,,,,,,,,,,
488,Maharashtra,Nagpur,3 Star,Without Alcohol,Hotel Naivedhyam North Star,28 A  Jagdamba Niwas  Near Koradi  Nagpur   441111,38,4,,,,,,,,,,,,,,,,,,,,,,,,,,,,,,,,,,,,,,,,,,,,,,,,
489,Maharashtra,Nagpur,3 Star,Without Alcohol,Tadoba Vanya Villas Resort and Spa  a unit of Royale Blue Resorts India Private Limited ,Khasra No 41 144 152 154 155   402 AT MOUZA CHETI  TEHSIL CHIMUR  DIST  CHANDRAPUR  NEAR TADOBA ANDHERI TIGER RESERVE  MAHARASHTRA Nagpur,36,2.1,,,,,,,,,,,,,,,,,,,,,,,,,,,,,,,,,,,,,,,,,,,,,,,,
490,Maharashtra,Nashik,3 Star,Without Alcohol,Hotel Grand Rio  A Unit of CMP Hospitality  ,S  NO  881 2 PLOT NO  3  RAJIV NAGAR  CHADDA CHOWK  OFF MUMBAI AGRA ROAD Nashik,45,3.4,,,,,,,,,,,,,,,,,,,,,,,,,,,,,,,,,,,,,,,,,,,,,,,,
491,Maharashtra,Navi Mumbai,3 Star,Without Alcohol,HOTEL HIGHWAY VIEW,PLOT NO 3  SECTOR 24  OPP  SANPADA RAILWAY STATION  MUMBAI PUNE HIGHWAY  NAVI MUMBAI,20,3,,,,,,,,,,,,,,,,,,,,,,,,,,,,,,,,,,,,,,,,,,,,,,,,
492,Maharashtra,Navi Mumbai,3 Star,Without Alcohol,Hotel Supreme Heritage,Plot No  L 2  Sector  19  Vashi   Navi Mumbai  400703,61,5,,,,,,,,,,,,,,,,,,,,,,,,,,,,,,,,,,,,,,,,,,,,,,,,
493,Maharashtra,Palghar,3 Star,Without Alcohol,ANCHAVIYO RESORTS,BHARAT AGRI FERT AND REALITY LTD SURVEY NO 155 7 8 9 10 VILLAGE KHARIVALI TALUKA WADA DIST MAHARASHTRA,16,4,,,,,,,,,,,,,,,,,,,,,,,,,,,,,,,,,,,,,,,,,,,,,,,,
494,Maharashtra,Pune,3 Star,Without Alcohol,Ginger Pune Wakad,Ginger Hotel Kala Khdak Near Indira College Wakad naka Wakad,127,2.2,,,,,,,,,,,,,,,,,,,,,,,,,,,,,,,,,,,,,,,,,,,,,,,,
495,Maharashtra,Pune,3 Star,Without Alcohol,IBIS HOTEL   PUNE  UNIT OF INTERGLOBE HOTELS PRIVATE LIMITED ,Survey No  32  Viman Nagar  Nagar Road  Pune  Maharashtra   411014  India,160,4.5,,,,,,,,,,,,,,,,,,,,,,,,,,,,,,,,,,,,,,,,,,,,,,,,
496,Maharashtra,Thane,3 Star,Without Alcohol,GCC HOTEL AND CLUB,GCC HOTELS PVT  LTD   92 1  OFF  MIRA BHAYANDER ROAD  MIRA ROAD EAST  THANE ,106,5,,,,,,,,,,,,,,,,,,,,,,,,,,,,,,,,,,,,,,,,,,,,,,,,
497,Maharashtra,Thane,3 Star,Without Alcohol,GCC Hotels Private Limited,GCC Hotel and club  S no  921  off Mira Bhayander road  near vijay sales  Mira Road East  Thane   401107,48,2.2,,,,,,,,,,,,,,,,,,,,,,,,,,,,,,,,,,,,,,,,,,,,,,,,
498,Maharashtra,Thane,3 Star,Without Alcohol,Krishna Palace,35 36 MIDC Additional Ambernath East Thane,58,4.4,,,,,,,,,,,,,,,,,,,,,,,,,,,,,,,,,,,,,,,,,,,,,,,,
499,Manipur,Imphal ,3 Star,Without Alcohol,Elora Hotel  a unit of Chingao Hotel and Resorts Pvt  Ltd ,Ward No  9  Indo Myanmar Road  Moreh  Chandel District,28,3.2,,,,,,,,,,,,,,,,,,,,,,,,,,,,,,,,,,,,,,,,,,,,,,,,
500,Meghalaya,Shillong ,3 Star,Without Alcohol,HOTEL POINISUK,LAITUMKHRAH MAIN ROAD  UPLAND ROAD  NONGKYNRIH,30,2,,,,,,,,,,,,,,,,,,,,,,,,,,,,,,,,,,,,,,,,,,,,,,,,
501,Odisha,Angul,3 Star,Without Alcohol,ASHIANA HILL VIEW,ADARSH VIHAR   PANCHA MAHALA   NEAR RTO OFFICE   ANGUL,80,1,,,,,,,,,,,,,,,,,,,,,,,,,,,,,,,,,,,,,,,,,,,,,,,,
502,Odisha,Jajpur Road,3 Star,Without Alcohol,Ginger Hotel Kalinganagar,Ginger Hotel  Opp Tata Steel Gate no 3  Khurunti  Kalinganagar  Odisha  755026,93,4.4,,,,,,,,,,,,,,,,,,,,,,,,,,,,,,,,,,,,,,,,,,,,,,,,
503,Odisha,Jharsuguda,3 Star,Without Alcohol,THR ORCHARD  Garden Palace Hotels Resorts Pvt Ltd,Bypass Road  Ekatali  Jharsuguda,50,3.4,,,,,,,,,,,,,,,,,,,,,,,,,,,,,,,,,,,,,,,,,,,,,,,,
504,Odisha,Puri,3 Star,Without Alcohol,MAYFAIR Waves  Puri,Chakratirtha Road  Puri  752002  Puri District  Odisha,34,1.6,,,,,,,,,,,,,,,,,,,,,,,,,,,,,,,,,,,,,,,,,,,,,,,,
505,Odisha,Talcher,3 Star,Without Alcohol,Hotel Surya Garden,Netaji Subas Bose Marg  Main Road  Talcher  Dist  Angul  Odisha  PIN  759107,38,3.5,,,,,,,,,,,,,,,,,,,,,,,,,,,,,,,,,,,,,,,,,,,,,,,,
506,Punjab,Jalandhar,3 Star,Without Alcohol,COUNTRY INN SUITES BY RADISSON A UNIT OF HAYRE REGENCY HOTELS PRIVATE LIMITED,NEAR BSF CHOWK G T ROAD ,45,2.4,,,,,,,,,,,,,,,,,,,,,,,,,,,,,,,,,,,,,,,,,,,,,,,,
507,Punjab,Jalandhar,3 Star,Without Alcohol,Hotel Imperia Suites,Vasant Vihar Road  Shanker Garden  Near Income Tax Colony  Jalandhar,18,4,,,,,,,,,,,,,,,,,,,,,,,,,,,,,,,,,,,,,,,,,,,,,,,,
508,Rajasthan,Jaipur,3 Star,Without Alcohol,Hotel Le Grande ,Jaipur Road Chomu ,19,3,,,,,,,,,,,,,,,,,,,,,,,,,,,,,,,,,,,,,,,,,,,,,,,,
509,Rajasthan,Jaipur,3 Star,Without Alcohol,Mansingh Towers,Hotel Mansingh Towers  Sansar Chandra Road,53,1.1,,,,,,,,,,,,,,,,,,,,,,,,,,,,,,,,,,,,,,,,,,,,,,,,
510,Rajasthan,Jaipur,3 Star,Without Alcohol,RCL JAIPUR,Ginger Hotel  Hawa Sadak  Civils Lines  Jaipur,103,2.3,,,,,,,,,,,,,,,,,,,,,,,,,,,,,,,,,,,,,,,,,,,,,,,,
511,Tamil Nadu,Chennai ,3 Star,Without Alcohol,BEVERLY,NO 17 RAJARATHINAM ROAD KILPAUK CHENNAI,52,2.4,,,,,,,,,,,,,,,,,,,,,,,,,,,,,,,,,,,,,,,,,,,,,,,,
512,Tamil Nadu,Thanjavur,3 Star,Without Alcohol,SANGAM HOTELS,TRICHY ROAD  THANJAVUR,57,2.4,,,,,,,,,,,,,,,,,,,,,,,,,,,,,,,,,,,,,,,,,,,,,,,,
513,Telangana,Hyderabad,3 Star,Without Alcohol,BESTWESTERN ASHOKA,6 1 70  LAKDI KA PUL,88,3.1,,,,,,,,,,,,,,,,,,,,,,,,,,,,,,,,,,,,,,,,,,,,,,,,
514,Telangana,HYDERABAD,3 Star,Without Alcohol,Minerva Grand   Kompally,Survey No 105  Beside Cine Planet  Kompally ,42,2.6,,,,,,,,,,,,,,,,,,,,,,,,,,,,,,,,,,,,,,,,,,,,,,,,
515,Telangana,Hyderabad,3 Star,Without Alcohol,OHRIS BANJARA  A UNIT OF HOTEL KAMAL PVT LTD  ,D NO 8 2 682   3 ROAD NO 12  BANJARA HILLS  HYDERABAD 500034 Hyderabad,24,1.4,,,,,,,,,,,,,,,,,,,,,,,,,,,,,,,,,,,,,,,,,,,,,,,,
516,Telangana,Hyderabad,3 Star,Without Alcohol,Tara,Hotel Tara  Ramojii Film City  Anajpur  RR District   501512,126,4.9,,,,,,,,,,,,,,,,,,,,,,,,,,,,,,,,,,,,,,,,,,,,,,,,
517,Telangana,Hyderabad,3 Star,Without Alcohol,VAISHNAOI HOTELS INDIA PVT LTD,3 2 8481 Kachiguda Station Road Kachiguda Hyderabad ,41,1.9,,,,,,,,,,,,,,,,,,,,,,,,,,,,,,,,,,,,,,,,,,,,,,,,
518,Uttar Pradesh,Ghaziabad,3 Star,Without Alcohol,Fortune Inn Grazia,Plot No   1 Sector  23  Sanjay Nagar Distt  Centre ,50,2.9,,,,,,,,,,,,,,,,,,,,,,,,,,,,,,,,,,,,,,,,,,,,,,,,
519,Uttarakhand,Ramnagar,3 Star,Without Alcohol,The Manor Kashipur  Unit of R R Hotels ,Bazpur Road   Udham singh Nagar  Kashipur   Uttrakhand 244713,30,3.7,,,,,,,,,,,,,,,,,,,,,,,,,,,,,,,,,,,,,,,,,,,,,,,,
520,West Bengal,Asansol,3 Star,Without Alcohol,HOTEL ASANSOL INTERNATIONAL,66  G T  ROAD  EAST   ASANSOL,42,3.5,,,,,,,,,,,,,,,,,,,,,,,,,,,,,,,,,,,,,,,,,,,,,,,,
521,West Bengal,Bankura,3 Star,Without Alcohol,HOTEL SAPTAPARNA,AVINASH SARANI  CHANDMARIDANGA  BANKURA,24,3.1,,,,,,,,,,,,,,,,,,,,,,,,,,,,,,,,,,,,,,,,,,,,,,,,
522,West Bengal,Bishnupur,3 Star,Without Alcohol,HOTEL ANNAPURNA,COLLEGE ROAD  P O  BISHNUPUR  DIST BANKURA  ,45,4.1,,,,,,,,,,,,,,,,,,,,,,,,,,,,,,,,,,,,,,,,,,,,,,,,
523,West Bengal,Durgapur,3 Star,Without Alcohol,The Peerless Inn Durgapur,Sahid Khudiram Sarani  City Centre  Durgapur   713216,108,3.1,,,,,,,,,,,,,,,,,,,,,,,,,,,,,,,,,,,,,,,,,,,,,,,,
524,West Bengal,Kolkata,3 Star,Without Alcohol,ETHNOTEL   A UNIT OF RAHA HOSPITALITY PVT LTD ,71 I 1 JESSORE ROAD  AIRPORT 2 5 NO GATE Kolkata,41,4.6,,,,,,,,,,,,,,,,,,,,,,,,,,,,,,,,,,,,,,,,,,,,,,,,
525,West Bengal,Kolkata,3 Star,Without Alcohol,GALLERY HOTELS AND RESORTS,67  BAGMARI ROAD   KOLKATA   700054,34,1,,,,,,,,,,,,,,,,,,,,,,,,,,,,,,,,,,,,,,,,,,,,,,,,
526,West Bengal,Kolkata,3 Star,Without Alcohol,Hotel De Sovrani,DD21 SECTOR I SALT LAKE KOLKATA 700064 Kolkata,55,4.4,,,,,,,,,,,,,,,,,,,,,,,,,,,,,,,,,,,,,,,,,,,,,,,,
527,West Bengal,Kolkata,3 Star,Without Alcohol,Hotel Walson,5A Sudder Street,29,3.4,,,,,,,,,,,,,,,,,,,,,,,,,,,,,,,,,,,,,,,,,,,,,,,,
528,West Bengal,Kolkata,3 Star,Without Alcohol,IBIS HOTEL   KOLKATA  A UNIT OF INTERGLOBE HOTELS PRIVATE LIMITED ,NO 30   1111  PLOT NO  BG   9  STREET NO  1111  NEW TOWN  POLICE STATION DISTT  NORTH 24  PARGANAS  KOLKATA   700156  WEST BENGAL,189,1.6,,,,,,,,,,,,,,,,,,,,,,,,,,,,,,,,,,,,,,,,,,,,,,,,
529,West Bengal,Kolkata,3 Star,Without Alcohol,Jameson Inn Shiraz,56 Park Street,40,3.5,,,,,,,,,,,,,,,,,,,,,,,,,,,,,,,,,,,,,,,,,,,,,,,,
530,West Bengal,Kolkata,3 Star,Without Alcohol,Kolkatta Hotels Ltd  Holiday Inn Express Airport Kolkata ,28  jessore road  nscbi airport  dum dum,130,2.4,,,,,,,,,,,,,,,,,,,,,,,,,,,,,,,,,,,,,,,,,,,,,,,,
531,West Bengal,Kolkata,3 Star,Without Alcohol,Park Prime Kolkata  A unit of Chocolate Hotels Pvt  Ltd  ,226  AJC BOSE ROAD KOLKATA Kolkata,62,4,,,,,,,,,,,,,,,,,,,,,,,,,,,,,,,,,,,,,,,,,,,,,,,,
532,West Bengal,Kolkata,3 Star,Without Alcohol,REGENTA LARICA INN,BISWA BANGLA ROAD   NOAPARA   CHINAR PARK   RAJARHAT   NEW TOWN   KOLKATA 700157 kolkata,45,3,,,,,,,,,,,,,,,,,,,,,,,,,,,,,,,,,,,,,,,,,,,,,,,,
533,West Bengal,Kolkata,3 Star,Without Alcohol,SENS HOTELS PVT LTD   UNIT  BRAND  REGENTA ORKO S KOLKATA by Royal Orchid Hotels,621  PRANTIK PALLY  KASBA  KOLKATA   700 107,69,1.1,,,,,,,,,,,,,,,,,,,,,,,,,,,,,,,,,,,,,,,,,,,,,,,,
534,West Bengal,Kolkata,3 Star,Without Alcohol,The Fern Residency Kolkata  a unit of Protect Vanijya Pvt  Ltd ,AS 213  NOAPARA  204 MAIN ARTERIAL ROAD NEW TOWN KOLKATA 700157 ,48,2.3,,,,,,,,,,,,,,,,,,,,,,,,,,,,,,,,,,,,,,,,,,,,,,,,
535,West Bengal,Kolkata,3 Star,Without Alcohol,The Golden Park,13 Ho Chi Minh Sarani,50,2.4,,,,,,,,,,,,,,,,,,,,,,,,,,,,,,,,,,,,,,,,,,,,,,,,
536,West Bengal,Kolkata,3 Star,Without Alcohol,VICTORIA HOTEL,45  CHINAR PARK  KOLKATA,34,,,,,,,,,,,,,,,,,,,,,,,,,,,,,,,,,,,,,,,,,,,,,,,,,
537,Andhra Pradesh,Kakinada,4 Star,Without Alcohol,Grand Kakinada by GRT Hotels,11 3 11  Veterinary hospital road  Ramarao Peta  Kakinada,83,3,,,,,,,,,,,,,,,,,,,,,,,,,,,,,,,,,,,,,,,,,,,,,,,,
538,Andhra Pradesh,Vijayawada,4 Star,With Alcohol,Quality Hotel D V Manor,40 1 47  M G Road  Vijayawada   520 010 Vijayawada,119,5,,,,,,,,,,,,,,,,,,,,,,,,,,,,,,,,,,,,,,,,,,,,,,,,
539,Andhra Pradesh,Visakhapatnam,4 Star,With Alcohol,Fairfield By Marriott  A Unit Of KSR Developers Pvt Ltd ,S No 106 1B2  Marripalem  near R B Guest House  Madhavadhara Area ,121,4,,,,,,,,,,,,,,,,,,,,,,,,,,,,,,,,,,,,,,,,,,,,,,,,
540,Andhra Pradesh,Visakhapatnam,4 Star,With Alcohol,FORTUNE INN SREEKANYA,D NO 47 10 34 35 NEAR DIAMOND PARK DWARAKANAGAR ,68,2.2,,,,,,,,,,,,,,,,,,,,,,,,,,,,,,,,,,,,,,,,,,,,,,,,
541,Andhra Pradesh,Visakhapatnam,4 Star,With Alcohol,HOTEL DASPALLA,28 2 48 SURYABAGH  VISAKHAPATNAM ,125,4.5,,,,,,,,,,,,,,,,,,,,,,,,,,,,,,,,,,,,,,,,,,,,,,,,
542,Andhra Pradesh,Visakhapatnam,4 Star,With Alcohol,WelcomHotel Grand Bay,15 1 44 Maharanipeta   Beach road  visakhapatnam,104,5,,,,,,,,,,,,,,,,,,,,,,,,,,,,,,,,,,,,,,,,,,,,,,,,
543,Chhattisgarh,Bilaspur,4 Star,With Alcohol,HOTEL EAST PARK,AGRASEN CHOWK  LINK ROAD NO 1,78,2.2,,,,,,,,,,,,,,,,,,,,,,,,,,,,,,,,,,,,,,,,,,,,,,,,
544,Chhattisgarh,Raipur ,4 Star,With Alcohol,HOTEL GRAND IMPERIA  UNIT OF GRAND ARSH,VIP ROAD RAIPUR ,30,4.4,,,,,,,,,,,,,,,,,,,,,,,,,,,,,,,,,,,,,,,,,,,,,,,,
545,Chhattisgarh,Raipur ,4 Star,With Alcohol,Clarks Inn Suites,GE Road  Near VIP Square  Telibandha  Raipur,51,3.2,,,,,,,,,,,,,,,,,,,,,,,,,,,,,,,,,,,,,,,,,,,,,,,,
546,Chhattisgarh,Raipur ,4 Star,With Alcohol,HOTEL BABYLON INN PVT LTD,JAIL ROAD  RAIPUR,72,2,,,,,,,,,,,,,,,,,,,,,,,,,,,,,,,,,,,,,,,,,,,,,,,,
547,Chhattisgarh,Raipur ,4 Star,With Alcohol,HOTEL CELEBRATION,SHRI GURU GOVIND SINGH SQUARE  JAIL ROAD,43,3.1,,,,,,,,,,,,,,,,,,,,,,,,,,,,,,,,,,,,,,,,,,,,,,,,
548,Chhattisgarh,Raipur ,4 Star,With Alcohol,Hyatt Raipur  A Unit of Chartered Hotels Private Limited ,Magneto The Mall  N H  6 Labhandi  Raipur  Chhattisgarh  India  492 001,105,0,,,,,,,,,,,,,,,,,,,,,,,,,,,,,,,,,,,,,,,,,,,,,,,,
549,Chhattisgarh,Raipur ,4 Star,With Alcohol,Sayaji Hotel Raipur,GE Road  Behind Magneto Mall  Raipur     ,101,,,,,,,,,,,,,,,,,,,,,,,,,,,,,,,,,,,,,,,,,,,,,,,,,
550,Delhi,Delhi,4 Star,With Alcohol,Crowne Plaza Mayur Vihar,13B  Mayur Vihar District Center  Delhi 110091 Delhi,159,,,,,,,,,,,,,,,,,,,,,,,,,,,,,,,,,,,,,,,,,,,,,,,,,
551,Delhi,Delhi,4 Star,With Alcohol,HOLIDAYINN,ASSET AREA 12  HOSPITALITY DISTRICT  AEROCITY,265,0,,,,,,,,,,,,,,,,,,,,,,,,,,,,,,,,,,,,,,,,,,,,,,,,
552,Delhi,Delhi,4 Star,With Alcohol,Hotel City Park,KP Block Pitampura,58,,,,,,,,,,,,,,,,,,,,,,,,,,,,,,,,,,,,,,,,,,,,,,,,,
553,Delhi,Delhi,4 Star,With Alcohol,Hotel Holiday Inn,Plot NO  13A  Mayur Vihar District Center,192,,,,,,,,,,,,,,,,,,,,,,,,,,,,,,,,,,,,,,,,,,,,,,,,,
554,Delhi,New Delhi,4 Star,With Alcohol,Crowne Plaza New Delhi Rohini,Plot 3B 1  Twin District Centre  Sector 10  Rohini  New Delhi,183,4,,,,,,,,,,,,,,,,,,,,,,,,,,,,,,,,,,,,,,,,,,,,,,,,
555,Delhi,New Delhi,4 Star,With Alcohol,CROWNE PLAZA NEW DELHI ROHINI,PLOT NO  3B1  TWIN DISTRICT CENTRE  SECTOR 10  ROHINI  DELHI,183,3,,,,,,,,,,,,,,,,,,,,,,,,,,,,,,,,,,,,,,,,,,,,,,,,
556,Delhi,New Delhi,4 Star,With Alcohol,CROWNE PLAZA TODAY NEW DELHI OKHLA,PLOT NO  1  COMMUNITY CENTRE  OKHLA PHASE I  NEW DELHI 110020 ,208,1.1,,,,,,,,,,,,,,,,,,,,,,,,,,,,,,,,,,,,,,,,,,,,,,,,
557,Delhi,New Delhi,4 Star,With Alcohol,EDENPARK HOTELS PVT LTD,SHAHEED JEET SINGH MARG  NEW DELHI   110016,30,2.3,,,,,,,,,,,,,,,,,,,,,,,,,,,,,,,,,,,,,,,,,,,,,,,,
558,Delhi,New Delhi,4 Star,With Alcohol,Hilton Garden Inn New Delhi  Saket,A 4 DLF Place Saket District Center  New Delhi 110017,115,2.4,,,,,,,,,,,,,,,,,,,,,,,,,,,,,,,,,,,,,,,,,,,,,,,,
559,Delhi,New Delhi,4 Star,With Alcohol,PRIDE HOTEL LIMITED,ASSET 5A  AEROCITY  IGI AIRPORT  NEW DELHI 110037,378,4.7,,,,,,,,,,,,,,,,,,,,,,,,,,,,,,,,,,,,,,,,,,,,,,,,
560,DNH   DD,Silvassa ,4 Star,With Alcohol,RAS RESORTS,128 P  I  SILVASSA NAROLI ROAD,97,4.1,,,,,,,,,,,,,,,,,,,,,,,,,,,,,,,,,,,,,,,,,,,,,,,,
561,Goa,Arpora,4 Star,With Alcohol,Sun Village Resorts Pvt Ltd,Saquawadi Baga Arpora Bardez Goa,135,1.3,,,,,,,,,,,,,,,,,,,,,,,,,,,,,,,,,,,,,,,,,,,,,,,,
562,Goa,Mapusa,4 Star,With Alcohol,Nanu Beach Resort And Spa,H NO  264  S NO  58 1  GIRKARWADA  ARAMBOL  PERNEM  GOA 403524 Mapusa,62,,,,,,,,,,,,,,,,,,,,,,,,,,,,,,,,,,,,,,,,,,,,,,,,,
563,Goa,Margao,4 Star,With Alcohol,Nanu Resort,Betalbatim Beach  Salcete  Goa Margao,72,,,,,,,,,,,,,,,,,,,,,,,,,,,,,,,,,,,,,,,,,,,,,,,,,
564,Goa,vasco da gama,4 Star,With Alcohol,THE HQ ,SWATANTRA PATH P O BOX NO 31 VASCO ,50,,,,,,,,,,,,,,,,,,,,,,,,,,,,,,,,,,,,,,,,,,,,,,,,,
565,Haryana,Faridabad,4 Star,With Alcohol,ART AND CRAFT LALIT HOTEL,ART   CRAFT LALIT HOTEL FARIDABAD   GURGAON ROAD  NEAR MANGAR POLICE CHOWKI  VILLAGE MANGAR  FARIDABAD ,35,,,,,,,,,,,,,,,,,,,,,,,,,,,,,,,,,,,,,,,,,,,,,,,,,
566,Haryana,Gurgaon,4 Star,With Alcohol,Best Western Resort Country Club  Prop Raghav Farms and Resorts Pvt Ltd ,Vill Para Tehsil Tauru Pachgaon Tauru Road  Near Manesar,117,1,,,,,,,,,,,,,,,,,,,,,,,,,,,,,,,,,,,,,,,,,,,,,,,,
567,Haryana,Gurgaon,4 Star,With Alcohol,CLARENS HOTEL,PLOT NO 363  364  SECTOR 10  GURGAON,32,4.4,,,,,,,,,,,,,,,,,,,,,,,,,,,,,,,,,,,,,,,,,,,,,,,,
568,Haryana,Gurgaon,4 Star,With Alcohol,CLARENS HOTEL,PLOT NO 363364 SECTOR 29 GURUGRAM,32,3.4,,,,,,,,,,,,,,,,,,,,,,,,,,,,,,,,,,,,,,,,,,,,,,,,
569,Haryana,Gurgaon,4 Star,With Alcohol,Hilton Garden Inn ,Sector 50  Gurgaon Baani Square Village  Adampur   PIN 122002,201,1.6,,,,,,,,,,,,,,,,,,,,,,,,,,,,,,,,,,,,,,,,,,,,,,,,
570,Haryana,Gurgaon,4 Star,With Alcohol,HILTON GARDEN INN,VILLAGE ADAMPUR SECTOR   50 GURGAON,201,3.5,,,,,,,,,,,,,,,,,,,,,,,,,,,,,,,,,,,,,,,,,,,,,,,,
571,Haryana,Gurgaon,4 Star,With Alcohol,Park Plaza Gurgaon,B Block  Sushant Lok 1  Gurgaon Haryana,45,2.4,,,,,,,,,,,,,,,,,,,,,,,,,,,,,,,,,,,,,,,,,,,,,,,,
572,Haryana,Gurgaon,4 Star,With Alcohol,Park Premier  A Unit of Punihani International ,353 357  City Center  Sector 29,94,4,,,,,,,,,,,,,,,,,,,,,,,,,,,,,,,,,,,,,,,,,,,,,,,,
573,Jharkhand,Dhanbad,4 Star,With Alcohol,SONOTEL HOTELS RESORTS PRIVATE LTD ,OZONE GALLERIA MALL  FLOOR5  SARAIDHELA  Dhanbad,56,3,,,,,,,,,,,,,,,,,,,,,,,,,,,,,,,,,,,,,,,,,,,,,,,,
574,Karnataka,Bangalore,4 Star,With Alcohol,ALOFT BENGALURU CESSNA BUSINESS PARK,Aloft Bengaluru Cessna Business Park  Cessna Business Park   Sarjapur  Marathahalli Outer Ring Road  Kadubeesanahalli  Bellandur Post  Bengaluru  560103  Karnataka ,191,1.1,,,,,,,,,,,,,,,,,,,,,,,,,,,,,,,,,,,,,,,,,,,,,,,,
575,Karnataka,Bangalore,4 Star,With Alcohol,Radisson Bengaluru City Center,No  2  Gangadhar Chetty Road  Ulsoor  Bengaluru,81,2.3,,,,,,,,,,,,,,,,,,,,,,,,,,,,,,,,,,,,,,,,,,,,,,,,
576,Karnataka,Bangalore,4 Star,With Alcohol,Royal Orchid Central ,No 47 1 Manipal Centre Dickenson Road ,129,2.4,,,,,,,,,,,,,,,,,,,,,,,,,,,,,,,,,,,,,,,,,,,,,,,,
577,Karnataka,Bangalore,4 Star,With Alcohol,ST MARKS HOTEL PVT LTD,41  St mark s Road Bangalore,96,,,,,,,,,,,,,,,,,,,,,,,,,,,,,,,,,,,,,,,,,,,,,,,,,
578,Karnataka,Belgaum,4 Star,With Alcohol,Fairfield by Marriott Belagavi,132 7 9  Gogte Plaza  Kakti  Belagavi   Karnataka ,114,,,,,,,,,,,,,,,,,,,,,,,,,,,,,,,,,,,,,,,,,,,,,,,,,
579,Karnataka,Udupi,4 Star,With Alcohol,COUNTRY INN AND SUITES BY RADISSON MANIPAL,A UNIT OF HIRANYA BUILDERS PVT LTD RAJATHADRI ROAD  VIDYARATHNA NAGAR  SHIVALLI VILLAGE  MUDUPERAMPALLI MANIPAL UDUPI,54,,,,,,,,,,,,,,,,,,,,,,,,,,,,,,,,,,,,,,,,,,,,,,,,,
580,Kerala,Adoor,4 Star,With Alcohol,HOTEL NEW INDRAPRASTHA,ADOOR PO  PATHANAMTHITTA,20,,,,,,,,,,,,,,,,,,,,,,,,,,,,,,,,,,,,,,,,,,,,,,,,,
581,Kerala,Adoor,4 Star,With Alcohol,HOTEL WYTE PORTICO,Karuvatta  Adoor P O  Pathanamthitta Dist ,19,3,,,,,,,,,,,,,,,,,,,,,,,,,,,,,,,,,,,,,,,,,,,,,,,,
582,Kerala,Alappuzha,4 Star,With Alcohol,ASWINI RESIDENCY,T B ROAD CHERTHALA ,10,5,,,,,,,,,,,,,,,,,,,,,,,,,,,,,,,,,,,,,,,,,,,,,,,,
583,Kerala,Alappuzha,4 Star,With Alcohol,Hotel Coral Heights,Sree Krishna Temple Road  Ambalapuzha,20,4,,,,,,,,,,,,,,,,,,,,,,,,,,,,,,,,,,,,,,,,,,,,,,,,
584,Kerala,Alappuzha,4 Star,With Alcohol,HOTEL MITHILA,ERAMALLOOR P O  ALAPPUZHA,10,2.2,,,,,,,,,,,,,,,,,,,,,,,,,,,,,,,,,,,,,,,,,,,,,,,,
585,Kerala,Alappuzha,4 Star,With Alcohol,Karapuram Residency,Karapuram Residency kanichukulangara Cherthala ,14,4.5,,,,,,,,,,,,,,,,,,,,,,,,,,,,,,,,,,,,,,,,,,,,,,,,
586,Kerala,Alappuzha,4 Star,With Alcohol,SAUGANDHIKA RESIDENCY,Nangiarkulangara Haripad ,19,5,,,,,,,,,,,,,,,,,,,,,,,,,,,,,,,,,,,,,,,,,,,,,,,,
587,Kerala,Alappuzha,4 Star,With Alcohol,SREELAKSHMI RESIDENCY,SREELAKSHMI RESIDENCY  ELIPPAKKULAM  CHOONAD  VALLIKUNNAM P O  ,19,2.2,,,,,,,,,,,,,,,,,,,,,,,,,,,,,,,,,,,,,,,,,,,,,,,,
588,Kerala,Angamaly,4 Star,With Alcohol,HOTEL SURYA TOWERS,RAILWAY STATION ROAD  ANGAMALY  ERNAKULAM DISTRICT,36,4.4,,,,,,,,,,,,,,,,,,,,,,,,,,,,,,,,,,,,,,,,,,,,,,,,
589,Kerala,Calicut,4 Star,With Alcohol,Westway Hotel   A Unit of Sams Property Developers and Hotels Pvt  Ltd  ,West Nadakkavu  Kozhikode ,61,3.2,,,,,,,,,,,,,,,,,,,,,,,,,,,,,,,,,,,,,,,,,,,,,,,,
590,Kerala,Chalakudy,4 Star,With Alcohol,HOTEL SIDHARTHA  A UNIT OF DALE AND CARRINGTON INVESTMENT PVT LTD ,CHALAKKUDY PO  RAILWAY STATION ROAD  TRICHUR,27,2,,,,,,,,,,,,,,,,,,,,,,,,,,,,,,,,,,,,,,,,,,,,,,,,
591,Kerala,Chalakudy,4 Star,With Alcohol,Kallely s Park Inn,Main Road  Chalakudy ,13,,,,,,,,,,,,,,,,,,,,,,,,,,,,,,,,,,,,,,,,,,,,,,,,,
592,Kerala,CHERAI,4 Star,With Alcohol,Blue Waters Cherai ,Beach Road  Cherai ,25,1,,,,,,,,,,,,,,,,,,,,,,,,,,,,,,,,,,,,,,,,,,,,,,,,
593,Kerala,Cherthala,4 Star,With Alcohol,HOTEL TRAVANCORE PALACE ,11 TH MILE  CHERTHALA P O ,17,4.4,,,,,,,,,,,,,,,,,,,,,,,,,,,,,,,,,,,,,,,,,,,,,,,,
594,Kerala,Ernakulam,4 Star,With Alcohol,The Mercy Luxury Business Hotel,M G Road  Ravipuram  Kochi,41,3.4,,,,,,,,,,,,,,,,,,,,,,,,,,,,,,,,,,,,,,,,,,,,,,,,
595,Kerala,Ernakulam,4 Star,With Alcohol,Abaam Hotel,opposite Vyttila Mobility Hub  Kaniampuzha road  Vyttila  Cochin,27,1.6,,,,,,,,,,,,,,,,,,,,,,,,,,,,,,,,,,,,,,,,,,,,,,,,
596,Kerala,Ernakulam,4 Star,With Alcohol,CRB COCHIN PALACE,55 1833 A1  A2  A3  A4  K P VALLON ROAD  KADAVANTHRA,16,3.5,,,,,,,,,,,,,,,,,,,,,,,,,,,,,,,,,,,,,,,,,,,,,,,,
597,Kerala,Ernakulam,4 Star,With Alcohol,GRAND HOTEL,M G ROAD ERNAKULAM,38,2.4,,,,,,,,,,,,,,,,,,,,,,,,,,,,,,,,,,,,,,,,,,,,,,,,
598,Kerala,Ernakulam,4 Star,With Alcohol,HOTEL CEE CEE TOWER,HOTEL CEE CEE TOWER  CHANDRAMANGALAM JUNCTION  NORTH PARAVUR  ERNAKULAM   DIST  KERALA  STATE  PIN   683513,20,4,,,,,,,,,,,,,,,,,,,,,,,,,,,,,,,,,,,,,,,,,,,,,,,,
599,Kerala,Ernakulam,4 Star,With Alcohol,Hotel Cloud 9,Bypass Road   Kothamangalam   Ernakulam ,18,3,,,,,,,,,,,,,,,,,,,,,,,,,,,,,,,,,,,,,,,,,,,,,,,,
600,Kerala,Ernakulam,4 Star,With Alcohol,Hotel Crystal Plaza,Banerji Road Highcourt Junction Ernakulam,12,1.1,,,,,,,,,,,,,,,,,,,,,,,,,,,,,,,,,,,,,,,,,,,,,,,,
601,Kerala,Ernakulam,4 Star,With Alcohol,HOTEL HILL VIEW,CIVIL LANE ROAD  PADAMUGHAL KAKKANAD ,33,2.3,,,,,,,,,,,,,,,,,,,,,,,,,,,,,,,,,,,,,,,,,,,,,,,,
602,Kerala,Ernakulam,4 Star,With Alcohol,HOTEL N M ROYALE COUNTY,K R L ROAD THRIPUNITHURA KOCHI,27,2.4,,,,,,,,,,,,,,,,,,,,,,,,,,,,,,,,,,,,,,,,,,,,,,,,
603,Kerala,Ernakulam,4 Star,With Alcohol,Hotel Navarathna,N H Bye Pass  Aluva,16,,,,,,,,,,,,,,,,,,,,,,,,,,,,,,,,,,,,,,,,,,,,,,,,,
604,Kerala,Ernakulam,4 Star,With Alcohol,Hotel Park Residency,Near Civil Station  Seaport Airport Road  Kakkanad  Ernakulam,27,,,,,,,,,,,,,,,,,,,,,,,,,,,,,,,,,,,,,,,,,,,,,,,,,
605,Kerala,Ernakulam,4 Star,With Alcohol,HOTEL VKJ INTERNATIONAL,Thattekad Bird Sanctuary Via  Kuttampuzha  Kothamangalam  Ernakulam,21,,,,,,,,,,,,,,,,,,,,,,,,,,,,,,,,,,,,,,,,,,,,,,,,,
606,Kerala,Ernakulam,4 Star,With Alcohol,KABANI REGENCY,karimugal Ernakulam ,18,,,,,,,,,,,,,,,,,,,,,,,,,,,,,,,,,,,,,,,,,,,,,,,,,
607,Kerala,Ernakulam,4 Star,With Alcohol,Lotus 8 A part hotels,Opp  Cochin international airport  vapalassery p o   Nedumbassery  Ernakulam,58,4,,,,,,,,,,,,,,,,,,,,,,,,,,,,,,,,,,,,,,,,,,,,,,,,
608,Kerala,Ernakulam,4 Star,With Alcohol,LOVEDONS GRAND,Karimugal Ernakulam,10,3,,,,,,,,,,,,,,,,,,,,,,,,,,,,,,,,,,,,,,,,,,,,,,,,
609,Kerala,Ernakulam,4 Star,With Alcohol,LOVELAND RESIDENCY,Chottanikkara  Ernakulam,10,1.1,,,,,,,,,,,,,,,,,,,,,,,,,,,,,,,,,,,,,,,,,,,,,,,,
610,Kerala,Ernakulam,4 Star,With Alcohol,PARAVOOR GALAXY HOTELS PRIVATE LIMITED ,NEAR CHENDAMANGALAM JUNCTION  CHENDAMANGALAM ROAD  NORTH PARAVOOR  ERNAKULAM DISTRICT ,22,2.3,,,,,,,,,,,,,,,,,,,,,,,,,,,,,,,,,,,,,,,,,,,,,,,,
611,Kerala,Ernakulam,4 Star,With Alcohol,PARAY RESIDENCY ,PARAY RESIDENCY TB ROAD MUVATTUPUZHA ERNAKULAM  KERALA ,24,2.4,,,,,,,,,,,,,,,,,,,,,,,,,,,,,,,,,,,,,,,,,,,,,,,,
612,Kerala,Ernakulam,4 Star,With Alcohol,POLAKULATH KARTHIKA REGENCY ,34   1648 A Edappally  Cochin   682024 ,10,4.7,,,,,,,,,,,,,,,,,,,,,,,,,,,,,,,,,,,,,,,,,,,,,,,,
613,Kerala,Ernakulam,4 Star,With Alcohol,The Killians Boutique Hotel,P  O  Box No  22  River Road  Fort Kochi  Ernakulam,21,4.1,,,,,,,,,,,,,,,,,,,,,,,,,,,,,,,,,,,,,,,,,,,,,,,,
614,Kerala,Ernakulam,4 Star,With Alcohol,The Renai Cochin  Formerly Known as Renaissance Cochin  ,Palarivattom Cochin,48,1.3,,,,,,,,,,,,,,,,,,,,,,,,,,,,,,,,,,,,,,,,,,,,,,,,
615,Kerala,Ernakulam,4 Star,With Alcohol,tHE VILLAGE INN,CHERANGANAL JUNCTION KOTTAPPADY ERNAKULAM DIST,11,1,,,,,,,,,,,,,,,,,,,,,,,,,,,,,,,,,,,,,,,,,,,,,,,,
616,Kerala,Ernakulam,4 Star,With Alcohol,VKG Group Holiday Hotel,Devaswom Nada  Munambam Road  Cherai P O  Ernakulam,19,4.4,,,,,,,,,,,,,,,,,,,,,,,,,,,,,,,,,,,,,,,,,,,,,,,,
617,Kerala,Guruvayoor,4 Star,With Alcohol,Polakulaths Sree Krishna Regency ,XIX 163 1 to 5 XIX 136 137 138  East Nada  Opposite Private Bus Stand  Guruvayur  Kerala  Guruvayoor Guruvayoor,34,3.4,,,,,,,,,,,,,,,,,,,,,,,,,,,,,,,,,,,,,,,,,,,,,,,,
618,Kerala,Idduki,4 Star,With Alcohol,SPICE VILLAGE,Kumily Road  Thekkady   685 509  Kerala  India,52,1.6,,,,,,,,,,,,,,,,,,,,,,,,,,,,,,,,,,,,,,,,,,,,,,,,
619,Kerala,Idukki,4 Star,With Alcohol,Alanta Residency ,Muttom P O Thodupuzha Idukki Idukki Idukki ,17,3.5,,,,,,,,,,,,,,,,,,,,,,,,,,,,,,,,,,,,,,,,,,,,,,,,
620,Kerala,Idukki,4 Star,With Alcohol,HOTEL JOANCE REGENCY,NEAR KSRTC BUS STAND  THODUPUZHA,13,2.4,,,,,,,,,,,,,,,,,,,,,,,,,,,,,,,,,,,,,,,,,,,,,,,,
621,Kerala,Idukki,4 Star,With Alcohol,HOTEL KUMILY GATE,KUMILY P O  THEKKADY  IDUKKI DISTRICT,16,4,,,,,,,,,,,,,,,,,,,,,,,,,,,,,,,,,,,,,,,,,,,,,,,,
622,Kerala,Idukki,4 Star,With Alcohol,MATHA REGENCY  A UNIT OF MATHA TOURIST HOME ,ADIMALI  IDUKKI DISTRICT,19,3,,,,,,,,,,,,,,,,,,,,,,,,,,,,,,,,,,,,,,,,,,,,,,,,
623,Kerala,Kannur,4 Star,With Alcohol,BROAD BEAN  KANNUR,CENTRAL BUS TERMINAL COMPLEX  THAVAKKARA  KANNUR DISTRICT ,17,1.1,,,,,,,,,,,,,,,,,,,,,,,,,,,,,,,,,,,,,,,,,,,,,,,,
624,Kerala,Kannur,4 Star,With Alcohol,Hotel Samrat,Court Road  Taliparamba P O  Kannur,27,2.3,,,,,,,,,,,,,,,,,,,,,,,,,,,,,,,,,,,,,,,,,,,,,,,,
625,Kerala,Kannur,4 Star,With Alcohol,J K Residency,Kelakam  Kelakam P O  Kannur,19,2.4,,,,,,,,,,,,,,,,,,,,,,,,,,,,,,,,,,,,,,,,,,,,,,,,
626,Kerala,Kasaragod,4 Star,With Alcohol,HOTEL HIGHWAY CASTLE,Nullipaddy Near Govt  Ayurveda Hospital  Kasaragod ,17,3.1,,,,,,,,,,,,,,,,,,,,,,,,,,,,,,,,,,,,,,,,,,,,,,,,
627,Kerala,Kasaragod,4 Star,With Alcohol,J K Residency,Cheruvathur  Cheruvathur PO  Kasargod Dist ,19,2.1,,,,,,,,,,,,,,,,,,,,,,,,,,,,,,,,,,,,,,,,,,,,,,,,
628,Kerala,KASARGOD,4 Star,With Alcohol,SREE GOKULAM NALANDA RESORTS  A UNIT OF SREE GOKULAM HOTELS INDIA PVT   LTD ,NH 17  NILESHWAR P O   KASARGOD,20,4.6,,,,,,,,,,,,,,,,,,,,,,,,,,,,,,,,,,,,,,,,,,,,,,,,
629,Kerala,Kochi,4 Star,With Alcohol,Broad Bean Hotel,Opposite KSEB N H Bypass Vytila,47,2.7,,,,,,,,,,,,,,,,,,,,,,,,,,,,,,,,,,,,,,,,,,,,,,,,
630,Kerala,Kochi,4 Star,With Alcohol,Elite Tourist Home,PARAMARA ROAD KOCHI  KERALA STATE Kochi,22,1.4,,,,,,,,,,,,,,,,,,,,,,,,,,,,,,,,,,,,,,,,,,,,,,,,
631,Kerala,Kochi,4 Star,With Alcohol,THE AVENUE REGENT,62 1807  M G ROAD  ERNAKULAM,54,1.1,,,,,,,,,,,,,,,,,,,,,,,,,,,,,,,,,,,,,,,,,,,,,,,,
632,Kerala,Kochi,4 Star,With Alcohol,Yuvarani Residency, A Unit of Ranimatha Arcade   Jos Junction  M G Road Ernakulam,38,4,,,,,,,,,,,,,,,,,,,,,,,,,,,,,,,,,,,,,,,,,,,,,,,,
633,Kerala,Kodungallur,4 Star,With Alcohol,Hotel Park Residency,Chandapura  Kodungallur  Thrissur,11,3,,,,,,,,,,,,,,,,,,,,,,,,,,,,,,,,,,,,,,,,,,,,,,,,
634,Kerala,Kollam,4 Star,With Alcohol,All Season Backwater Resort,All Season Backwater Resort  Near Thevally Bridge  Kadavoor  Mathilil P O  Kollam,19,1.1,,,,,,,,,,,,,,,,,,,,,,,,,,,,,,,,,,,,,,,,,,,,,,,,
635,Kerala,Kollam,4 Star,With Alcohol,HARISREE RESIDENCY,PERUMPUZHA P O  KUNDARA,16,2.3,,,,,,,,,,,,,,,,,,,,,,,,,,,,,,,,,,,,,,,,,,,,,,,,
636,Kerala,Kollam,4 Star,With Alcohol,Hotel Ambalakkara Regency,Pulamon P O  Kottarakkara  Kollam,16,2.4,,,,,,,,,,,,,,,,,,,,,,,,,,,,,,,,,,,,,,,,,,,,,,,,
637,Kerala,Kollam,4 Star,With Alcohol,Hotel Hillway,Main Road  Kadakkal P O   Kollam  Dist  ,10,4.7,,,,,,,,,,,,,,,,,,,,,,,,,,,,,,,,,,,,,,,,,,,,,,,,
638,Kerala,Kollam,4 Star,With Alcohol,HOTEL KAVERY ,MUKKADA  KUNDARA KOLLAM,11,4.1,,,,,,,,,,,,,,,,,,,,,,,,,,,,,,,,,,,,,,,,,,,,,,,,
639,Kerala,Kollam,4 Star,With Alcohol,HOTEL LEKSHMI,HOTEL LEKSHMI  PARIPALLY P O  KOLLAM,11,1.3,,,,,,,,,,,,,,,,,,,,,,,,,,,,,,,,,,,,,,,,,,,,,,,,
640,Kerala,Kollam,4 Star,With Alcohol,HOTEL NILA PALACE ,CHEERANCAVU EZHUKONE KOLLAM,19,2,,,,,,,,,,,,,,,,,,,,,,,,,,,,,,,,,,,,,,,,,,,,,,,,
641,Kerala,Kollam,4 Star,With Alcohol,HOTEL PANACEA VENTURES ,KSRTC JUNCTION  PUNALUR  KOLLAM DISTRICT Kollam,22,1,,,,,,,,,,,,,,,,,,,,,,,,,,,,,,,,,,,,,,,,,,,,,,,,
642,Kerala,Kollam,4 Star,With Alcohol,HOTEL RAJ REGENCY,MC ROAD  NILAMEL  NILAMEL PO  KOLLAM DISTRICT  KERALA  PIN 691535,22,4.4,,,,,,,,,,,,,,,,,,,,,,,,,,,,,,,,,,,,,,,,,,,,,,,,
643,Kerala,Kollam,4 Star,With Alcohol,Hotel Raj Residency,N H 66 Kalluvathukkal Kollam Dist   ,22,3.4,,,,,,,,,,,,,,,,,,,,,,,,,,,,,,,,,,,,,,,,,,,,,,,,
644,Kerala,Kollam,4 Star,With Alcohol,HOTEL REGANT LAKE PALACE ,PUTHENTHURA P O  NEENDAKARA  KOLLAM  KERALA,26,1.6,,,,,,,,,,,,,,,,,,,,,,,,,,,,,,,,,,,,,,,,,,,,,,,,
645,Kerala,Kollam,4 Star,With Alcohol,HOTEL SAMUDRA,MARKET JUNCTION  KOTTARAKARA P O ,11,3.5,,,,,,,,,,,,,,,,,,,,,,,,,,,,,,,,,,,,,,,,,,,,,,,,
646,Kerala,Kollam,4 Star,With Alcohol,HOTEL SHILPA REGENCY  A UNIT OF SILPA HOSPITALITY PVT  LTD  ,M C Road  Inchakkad  Mylom P O  Kottarakkara Kollam,12,2.4,,,,,,,,,,,,,,,,,,,,,,,,,,,,,,,,,,,,,,,,,,,,,,,,
647,Kerala,Kollam,4 Star,With Alcohol,KAVERI INTERNATIONAL,PUTHENKULAM P O   PARAVUR   KOLLAM,14,4,,,,,,,,,,,,,,,,,,,,,,,,,,,,,,,,,,,,,,,,,,,,,,,,
648,Kerala,Kollam,4 Star,With Alcohol,Madathil Regency,Kottiyam  Kollam Dist  Kerala ,21,3,,,,,,,,,,,,,,,,,,,,,,,,,,,,,,,,,,,,,,,,,,,,,,,,
649,Kerala,Kollam,4 Star,With Alcohol,ROYALKALLADA RESIDENCY,EAST KALLADA  KOLLAM,20,1.1,,,,,,,,,,,,,,,,,,,,,,,,,,,,,,,,,,,,,,,,,,,,,,,,
650,Kerala,Kottayam,4 Star,With Alcohol,Emerald Regency,Vakathanam P O  Njaliakuzhy Jn   Kottayam ,22,2.3,,,,,,,,,,,,,,,,,,,,,,,,,,,,,,,,,,,,,,,,,,,,,,,,
651,Kerala,Kottayam,4 Star,With Alcohol,Hotel Arcadia,T B Road  Kottaym,37,2.4,,,,,,,,,,,,,,,,,,,,,,,,,,,,,,,,,,,,,,,,,,,,,,,,
652,Kerala,Kottayam,4 Star,With Alcohol,HOTEL SANYO,KURUVILANGAD P O  KOTTAYAM ,10,2.1,,,,,,,,,,,,,,,,,,,,,,,,,,,,,,,,,,,,,,,,,,,,,,,,
653,Kerala,Kottayam,4 Star,With Alcohol,Hotel Sears Private Limited,M C Road  Nagampadam  Kottayam,11,1.4,,,,,,,,,,,,,,,,,,,,,,,,,,,,,,,,,,,,,,,,,,,,,,,,
654,Kerala,Kottayam,4 Star,With Alcohol,SAKTHI TOURIST HOME,BAKER JUNCTION  KOTTAYAM,23,2.4,,,,,,,,,,,,,,,,,,,,,,,,,,,,,,,,,,,,,,,,,,,,,,,,
655,Kerala,Kottayam,4 Star,With Alcohol,Windsor Castle, A Unit of St Mary s Hotels Pvt Ltd   M C Road  Kodimatha Kottayam District  Kerala State Pin  686013,56,1.1,,,,,,,,,,,,,,,,,,,,,,,,,,,,,,,,,,,,,,,,,,,,,,,,
656,Kerala,Kottayam,4 Star,With Alcohol,Zodiac Heritage,Companykada Road  Mundakayam,10,2.4,,,,,,,,,,,,,,,,,,,,,,,,,,,,,,,,,,,,,,,,,,,,,,,,
657,Kerala,Kumarakom,4 Star,With Alcohol,Taj Kumarakom Resort and Spa,Kavanattinkara  Kumarakom  Kottayam Kumarakom,28,2.1,,,,,,,,,,,,,,,,,,,,,,,,,,,,,,,,,,,,,,,,,,,,,,,,
658,Kerala,Malappuram,4 Star,With Alcohol,HOTEL DEVALOKAM,Ponani Road Edappal Post Malappuram Distict Kerala State,12,1.4,,,,,,,,,,,,,,,,,,,,,,,,,,,,,,,,,,,,,,,,,,,,,,,,
659,Kerala,Malappuram,4 Star,With Alcohol,MALABAR HERITAGE  KMA Resorts Pvt Ltd ,Building No 34  216 217 218  4Th Stage By Pass  Manjeri,18,2.4,,,,,,,,,,,,,,,,,,,,,,,,,,,,,,,,,,,,,,,,,,,,,,,,
660,Kerala,Malappuram,4 Star,With Alcohol,NIRMALLYAM RESIDENCY HOTELS PRIVATE LIMITED,CHANGARAMKULAM  P O ALAMKODE  MALAPPURAM DISTRICT,21,1.1,,,,,,,,,,,,,,,,,,,,,,,,,,,,,,,,,,,,,,,,,,,,,,,,
661,Kerala,Muvattupuzha,4 Star,With Alcohol,Hotel Central Fort,Green Seven Hotels Private Limited Vazhakulam Post  Muvattupuzha Ernakulam Dist   ,10,1,,,,,,,,,,,,,,,,,,,,,,,,,,,,,,,,,,,,,,,,,,,,,,,,
662,Kerala,Muvattupuzha,4 Star,With Alcohol,HOTEL KABANI INTERNATIONAL,Near Private Bus Stand  Thodupuzha Road  Muvattupuzha  Ernakulam Dist ,13,3,,,,,,,,,,,,,,,,,,,,,,,,,,,,,,,,,,,,,,,,,,,,,,,,
663,Kerala,Muvattupuzha,4 Star,With Alcohol,HOTEL NARENDRA CENTRAL,HOTEL NARENDRA CENTRAL  NEAR KSRTC BUS STATION  M C ROAD  MOOVATTUPUZHA 686661,10,5,,,,,,,,,,,,,,,,,,,,,,,,,,,,,,,,,,,,,,,,,,,,,,,,
664,Kerala,Palai,4 Star,With Alcohol,Armani Residency,Ramapuram  Pala  Kottayam,12,4,,,,,,,,,,,,,,,,,,,,,,,,,,,,,,,,,,,,,,,,,,,,,,,,
665,Kerala,Palai,4 Star,With Alcohol,MAREENA TOURIST HOME,Erattupetta  Kottayam  DT  Kerala ,11,2.2,,,,,,,,,,,,,,,,,,,,,,,,,,,,,,,,,,,,,,,,,,,,,,,,
666,Kerala,Perumbavoor,4 Star,With Alcohol,Aarya Palace,M C Road  Pulluvazhy  Perumbavoor Ernakulam Dist ,16,4.5,,,,,,,,,,,,,,,,,,,,,,,,,,,,,,,,,,,,,,,,,,,,,,,,
667,Kerala,Perumbavoor,4 Star,With Alcohol,JAIRAJ LODGE,Perumbavoor P O  Ernakulam ,10,5,,,,,,,,,,,,,,,,,,,,,,,,,,,,,,,,,,,,,,,,,,,,,,,,
668,Kerala,Thiruvananthapuram,4 Star,With Alcohol,HOTEL CLASSIC AVENUE,HOTEL CLASSIC AVENUE  T C 25 1744 1   MANJALIKULAM ROAD  THAMPANOOR  THIRUVANATHAPURAM  695001,60,2.2,,,,,,,,,,,,,,,,,,,,,,,,,,,,,,,,,,,,,,,,,,,,,,,,
669,Kerala,Thiruvananthapuram,4 Star,With Alcohol,HOTEL DOUBLOON,KALLAMBALAM  TRIVANDRUM,29,4.4,,,,,,,,,,,,,,,,,,,,,,,,,,,,,,,,,,,,,,,,,,,,,,,,
670,Kerala,Thiruvananthapuram,4 Star,With Alcohol,Hotel Karthika Residency ,Karette  Vamanapuram P O   Thiruvanthapuram  Kerala  Pin   695606,12,3.2,,,,,,,,,,,,,,,,,,,,,,,,,,,,,,,,,,,,,,,,,,,,,,,,
671,Kerala,Thiruvananthapuram,4 Star,With Alcohol,HOTEL LIBRA,PAZHAYA ROAD  MEDICAL COLLEGE  P O  TRIVANDRUM Thiruvananthapuram,22,2,,,,,,,,,,,,,,,,,,,,,,,,,,,,,,,,,,,,,,,,,,,,,,,,
672,Kerala,Thiruvananthapuram,4 Star,With Alcohol,Hotel Maurya Rajadhani,GH Road  Statue  Trivandrum,39,1.1,,,,,,,,,,,,,,,,,,,,,,,,,,,,,,,,,,,,,,,,,,,,,,,,
673,Kerala,Thiruvananthapuram,4 Star,With Alcohol,HOTEL NEW INDRAPRASTHA,KILIMANOOR PO  THIRUVANANTHAPURAM,22,2.1,,,,,,,,,,,,,,,,,,,,,,,,,,,,,,,,,,,,,,,,,,,,,,,,
674,Kerala,Thiruvananthapuram,4 Star,With Alcohol,HOTEL ROHINI INTERNATIONAL,HOTEL ROHINI INTERNATIONAL  VITHURA P O   ,11,1.4,,,,,,,,,,,,,,,,,,,,,,,,,,,,,,,,,,,,,,,,,,,,,,,,
675,Kerala,Thiruvananthapuram,4 Star,With Alcohol,HOTEL SAVITHRI,CHIRAYINKEEZHU ROAD   ATTINGAL  KERALA,15,3.4,,,,,,,,,,,,,,,,,,,,,,,,,,,,,,,,,,,,,,,,,,,,,,,,
676,Kerala,Thiruvananthapuram,4 Star,With Alcohol,HOTEL SOORYA,PALACE ROAD  ATTINGAL  TRIVANDRUM,11,1.1,,,,,,,,,,,,,,,,,,,,,,,,,,,,,,,,,,,,,,,,,,,,,,,,
677,Kerala,Thiruvananthapuram,4 Star,With Alcohol,HOTEL SREEPADMANABHA,BALARAMAPURAM  TRIVANDRUM,18,2.4,,,,,,,,,,,,,,,,,,,,,,,,,,,,,,,,,,,,,,,,,,,,,,,,
678,Kerala,Thiruvananthapuram,4 Star,With Alcohol,SP GRAND DAYS,PANAVILA JUNCTION  THYCAUD P O  THIRUVANANTHAPURAM,73,4,,,,,,,,,,,,,,,,,,,,,,,,,,,,,,,,,,,,,,,,,,,,,,,,
679,Kerala,Thiruvananthapuram,4 Star,With Alcohol,SREEVALSAM RESIDENCY ,M C ROAD VEMBAYAM  TRIVANDRUM,17,3,,,,,,,,,,,,,,,,,,,,,,,,,,,,,,,,,,,,,,,,,,,,,,,,
680,Kerala,Thiruvananthapuram,4 Star,With Alcohol,SURENDRA TRIDENT HOTEL,VATTIYOORKAVU  TRIVANDRUM   695013,11,1.1,,,,,,,,,,,,,,,,,,,,,,,,,,,,,,,,,,,,,,,,,,,,,,,,
681,Kerala,Thiruvananthapuram,4 Star,With Alcohol,THE RESIDENCY TOWER,PRESS ROAD  TRIVANDRUM,48,2.3,,,,,,,,,,,,,,,,,,,,,,,,,,,,,,,,,,,,,,,,,,,,,,,,
682,Kerala,Thiruvananthapuram,4 Star,With Alcohol,VAKKOM PALAZZO,Hotel Vakkom Palazzo VP221A  Panayil Kadavu Road  Vakkom P O  Chiranyinkeezhu Taluk  Thiruvananthapuram  Pin  695308 ,24,2.4,,,,,,,,,,,,,,,,,,,,,,,,,,,,,,,,,,,,,,,,,,,,,,,,
683,Kerala,Thiruvananthapuram,4 Star,With Alcohol,WINDSOR RAJADHANI, A UNIT OF RAJADHANI HOTELS PVT  LTD   T C No 5 2396 1  2   3   Toll Junction  Kawdiar  Thiruvananthapuram   695003,52,4.7,,,,,,,,,,,,,,,,,,,,,,,,,,,,,,,,,,,,,,,,,,,,,,,,
684,Kerala,Thrissur,4 Star,With Alcohol,ATHIRAPPILLY RESIDENCY HOTELS INDIA PRIVATE LIMITED,Athirappilly Road  Pariyaram PO  Chalakudy ,20,4.1,,,,,,,,,,,,,,,,,,,,,,,,,,,,,,,,,,,,,,,,,,,,,,,,
685,Kerala,Thrissur,4 Star,With Alcohol,Chand V Regency,Kaipamangalam Thrissur,17,1.3,,,,,,,,,,,,,,,,,,,,,,,,,,,,,,,,,,,,,,,,,,,,,,,,
686,Kerala,Thrissur,4 Star,With Alcohol,CHERUTHURUTHY ECO GARDENS,A UNIT OF PEPCO RESORTS PRIVATE LIMITED  CHERUTHURUTHY P O  THRISSUR ,47,1,,,,,,,,,,,,,,,,,,,,,,,,,,,,,,,,,,,,,,,,,,,,,,,,
687,Kerala,Thrissur,4 Star,With Alcohol,Hotel Anupama Legacy,Main Road  Mala  Thrissur Dist  Thrissur,10,4.4,,,,,,,,,,,,,,,,,,,,,,,,,,,,,,,,,,,,,,,,,,,,,,,,
688,Kerala,Thrissur,4 Star,With Alcohol,HOTEL LUCIYA PALACE,A Unit of Kanichais Enterprises  Marrar Road  Thrissur District     680 001 ,32,3.4,,,,,,,,,,,,,,,,,,,,,,,,,,,,,,,,,,,,,,,,,,,,,,,,
689,Kerala,Thrissur,4 Star,With Alcohol,Mamatha Motels,Kechery Post  Thrissur Dist Kerala,11,1.6,,,,,,,,,,,,,,,,,,,,,,,,,,,,,,,,,,,,,,,,,,,,,,,,
690,Kerala,Thrissur,4 Star,With Alcohol,Niya Regency,Kanjani Road  Chettupuzha  P O Olarikkara ,20,3.5,,,,,,,,,,,,,,,,,,,,,,,,,,,,,,,,,,,,,,,,,,,,,,,,
691,Kerala,Wayanad,4 Star,With Alcohol,Hotel Manasasaras,Thalassery Road  Mananthavady  Wayand,12,2.4,,,,,,,,,,,,,,,,,,,,,,,,,,,,,,,,,,,,,,,,,,,,,,,,
692,Maharashtra,Mumbai,4 Star,With Alcohol,Courtyard By Marriott Mumbai International Airport   Unit of Kanakia Hotels And Resorts Pvt Ltd    ,Courtyard By Marriott Mumbai International Airport  CTS NO 215  Andheri Kurla Road  Andheri   E   Mumbai Mumbai Mumbai Mumbai,299,4,,,,,,,,,,,,,,,,,,,,,,,,,,,,,,,,,,,,,,,,,,,,,,,,
693,Maharashtra,Mumbai,4 Star,With Alcohol,Fariyas Hotel Mumbai,25  Off Arthur Bunder Road  Colaba,93,3,,,,,,,,,,,,,,,,,,,,,,,,,,,,,,,,,,,,,,,,,,,,,,,,
694,Maharashtra,Mumbai,4 Star,With Alcohol,Hotel Kohinoor Continental,J B Nagar  Andheri Kurla Road  Andheri East  Mumbai ,137,1.1,,,,,,,,,,,,,,,,,,,,,,,,,,,,,,,,,,,,,,,,,,,,,,,,
695,Maharashtra,Mumbai,4 Star,With Alcohol,HOTEL SAHIL PVT  LTD ,292  J  B  BEHRAM MARG  MUMBAI CENTRAL  ,88,2.3,,,,,,,,,,,,,,,,,,,,,,,,,,,,,,,,,,,,,,,,,,,,,,,,
696,Maharashtra,Mumbai,4 Star,With Alcohol,HOTEL TRANSIT PVT  LTD   T24 RESIDENCY ,CHURCH ROAD  NEAR AIRPORT ROAD METRO STATION  MAROL  ANDHERI EAST  MUMBAI  400059,55,2.4,,,,,,,,,,,,,,,,,,,,,,,,,,,,,,,,,,,,,,,,,,,,,,,,
697,Maharashtra,Mumbai,4 Star,With Alcohol,Peninusla Grand Hotel,Sakinaka Junction  Lokmanya Tilak Nagar  Andheri East  Mumbai  Maharashtra ,81,3,,,,,,,,,,,,,,,,,,,,,,,,,,,,,,,,,,,,,,,,,,,,,,,,
698,Maharashtra,Mumbai,4 Star,With Alcohol,Ramee Guestline Hotel,Plot No 3  Kohinoor Road  Dadar  East   Mumbai   400014,58,1.1,,,,,,,,,,,,,,,,,,,,,,,,,,,,,,,,,,,,,,,,,,,,,,,,
699,Maharashtra,Mumbai,4 Star,With Alcohol,Ramee Guestline Hotel,462 A b Nair Road  Juhu,89,2.3,,,,,,,,,,,,,,,,,,,,,,,,,,,,,,,,,,,,,,,,,,,,,,,,
700,Maharashtra,Mumbai,4 Star,With Alcohol,THE SHALIMAR HOTEL,AUGUST KRANTI MARG  KEMPS CORNER  MUMBAI 400036,60,2.4,,,,,,,,,,,,,,,,,,,,,,,,,,,,,,,,,,,,,,,,,,,,,,,,
701,Maharashtra,Mumbai,4 Star,With Alcohol,Trident  Bandra Kurla,C 56   G  Block  Bandra Kurla Complex  Mumbai ,436,4.7,,,,,,,,,,,,,,,,,,,,,,,,,,,,,,,,,,,,,,,,,,,,,,,,
702,Maharashtra,Nashik,4 Star,With Alcohol,COURTYARD MARRIOTT,S NO  514A1 21TO191  PLOT NO  1 2 5 6 7 8 9  NEAR WOCKHARDT HOSPITAL  MUMBAI NAK  MUMBAI AGRA HIGHWAY  VILLAGE NASHIK  TALUKA   DIST  NASHIK 422011,113,4.1,,,,,,,,,,,,,,,,,,,,,,,,,,,,,,,,,,,,,,,,,,,,,,,,
703,Maharashtra,Navi Mumbai,4 Star,With Alcohol,Apeejay Surrendra Park Hotels Limited,Plot No  1  Sector 10  CBD Belapur  Navi Mumbai 400614,80,1.3,,,,,,,,,,,,,,,,,,,,,,,,,,,,,,,,,,,,,,,,,,,,,,,,
704,Maharashtra,Navi Mumbai,4 Star,With Alcohol,Ramada Navi Mumbai Saikripa Foods Services Pvt Ltd,156 Milienium Business Park  MIDC  Sector 2 Mahape   Navi Mumbai 400710 Navi Mumbai,99,2.3,,,,,,,,,,,,,,,,,,,,,,,,,,,,,,,,,,,,,,,,,,,,,,,,
705,Odisha,Angul,4 Star,With Alcohol,HOTEL SHAKTI CONTINENTAL,6TH LANE  AMALAPADA  HANUMAN BAZAR  ANGUL  ODISHA   759122,84,2.4,,,,,,,,,,,,,,,,,,,,,,,,,,,,,,,,,,,,,,,,,,,,,,,,
706,Odisha,Bhubaneswar ,4 Star,With Alcohol,Empires,5 B  Saheed Nagar  Bhubaneswar ,58,3,,,,,,,,,,,,,,,,,,,,,,,,,,,,,,,,,,,,,,,,,,,,,,,,
707,Odisha,Bhubaneswar ,4 Star,With Alcohol,Pal Heights,Pal Heights pl J7  Jayadev Vihar  Bhubaneswar 751013 Odisha ,74,1.1,,,,,,,,,,,,,,,,,,,,,,,,,,,,,,,,,,,,,,,,,,,,,,,,
708,Odisha,Bhubaneswar ,4 Star,With Alcohol,The New Marrion,6 Janpath,53,2.3,,,,,,,,,,,,,,,,,,,,,,,,,,,,,,,,,,,,,,,,,,,,,,,,
709,Punjab,Ludhiana,4 Star,With Alcohol,THE PALM COURT , A UNIT OF KHANNA INFRA BUILD PVT  LTD   20001 A SUKHDEV NAGAR  FEROZEPUR ROAD  ,41,2.4,,,,,,,,,,,,,,,,,,,,,,,,,,,,,,,,,,,,,,,,,,,,,,,,
710,Rajasthan,Sawai Madhopur,4 Star,With Alcohol,Sawai Vilas  A unit of The footprints ranthambhore ,Sawai Vilas Khasra Number 4581 4582 4587 4589 Village Khilchipur tehsil Sawai Madhopur 322001 Rajasthan,60,4.7,,,,,,,,,,,,,,,,,,,,,,,,,,,,,,,,,,,,,,,,,,,,,,,,
711,Tamil Nadu,chennai,4 Star,With Alcohol,Hotel Courtyard By Marriott,564 Anna Salai Teynampet Chennai 600018 chennai,242,4.1,,,,,,,,,,,,,,,,,,,,,,,,,,,,,,,,,,,,,,,,,,,,,,,,
712,Tamil Nadu,Chennai ,4 Star,With Alcohol,EHOTEl,49 50 Whites Road  Royapettah,44,1.3,,,,,,,,,,,,,,,,,,,,,,,,,,,,,,,,,,,,,,,,,,,,,,,,
713,Tamil Nadu,Chennai ,4 Star,With Alcohol,Gokulam Park Sabari,33  IT Expressway  Rajiv Gandhi Salai  OMR   Navalur,85,1.2,,,,,,,,,,,,,,,,,,,,,,,,,,,,,,,,,,,,,,,,,,,,,,,,
714,Tamil Nadu,Chennai ,4 Star,With Alcohol,MERCURE CHENNAI SRIPERUMBUDUR,CP 8  SIPCOT Inductrial Park  Oragadam  Sriperumbudur  Chennai 602105  Tamil Nadu,93,1.4,,,,,,,,,,,,,,,,,,,,,,,,,,,,,,,,,,,,,,,,,,,,,,,,
715,Tamil Nadu,Chennai ,4 Star,With Alcohol,Novotel Chennai Chamiers Road,No 11  Chamiers Road  Nandanam  Chennai,110,1.6,,,,,,,,,,,,,,,,,,,,,,,,,,,,,,,,,,,,,,,,,,,,,,,,
716,Tamil Nadu,Chennai ,4 Star,With Alcohol,The Raintree  Anna Salai  A Unit of Ceebros Hotels Pvt  Ltd  ,No  636  Anna Salai  Teynampet  Chennai   600035 ,230,1.4,,,,,,,,,,,,,,,,,,,,,,,,,,,,,,,,,,,,,,,,,,,,,,,,
717,Tamil Nadu,Kancheepuram,4 Star,With Alcohol,REGENTA CENTRAL RS,No  13 1A  The Marina Mall  OMR Road  Near Navalur Tollgate  Egattur  Chengelpet 603103,120,4,,,,,,,,,,,,,,,,,,,,,,,,,,,,,,,,,,,,,,,,,,,,,,,,
718,Tamil Nadu,Madurai,4 Star,With Alcohol,COURTYARD BY MARRIOTT, A Unit of  Sangu Chakra Hotels Pvt  Ltd   No 168 Alagar Kovil Road  Next to Circuit House,82,3,,,,,,,,,,,,,,,,,,,,,,,,,,,,,,,,,,,,,,,,,,,,,,,,
719,Tamil Nadu,Salem,4 Star,With Alcohol,RADISSON SALEM  A unit of VETRIVEL EXPLOSIVES PRIVATE LIMITED HOTEL DIVISION ,176  KENNEDY NAGAR  SALEM 636 005 Salem,127,1.1,,,,,,,,,,,,,,,,,,,,,,,,,,,,,,,,,,,,,,,,,,,,,,,,
720,Tamil Nadu,Trichy,4 Star,With Alcohol,SRM HOTEL Pv Ltd ,Race Course Road   Khajamalai  Trichy ,110,2.3,,,,,,,,,,,,,,,,,,,,,,,,,,,,,,,,,,,,,,,,,,,,,,,,
721,Telangana,Gachibowli,4 Star,With Alcohol,Duet India Hotels  Hyderabad  Private Limited,Road No  2   Financial District   Gachibowli Hyderabad   Telangana 500032   India T  914045416699 Gachibowli,232,2.4,,,,,,,,,,,,,,,,,,,,,,,,,,,,,,,,,,,,,,,,,,,,,,,,
722,Telangana,HYDERABAD,4 Star,With Alcohol,Mercure Hyderabad KCP,6 3 551  Banjara Hills Main Rd  Somajiguda  Hyderabad  Telangana 500082 HYDERABAD,128,4.7,,,,,,,,,,,,,,,,,,,,,,,,,,,,,,,,,,,,,,,,,,,,,,,,
723,Telangana,Hyderabad,4 Star,With Alcohol,Sitara,Hotel Sitara  Ramojii Film City  Anajpur  RR District   501512,171,4.1,,,,,,,,,,,,,,,,,,,,,,,,,,,,,,,,,,,,,,,,,,,,,,,,
724,Telangana,Hyderabad,4 Star,With Alcohol,The Golkonda Hotel,The Golkonda Hyderabad Banjara Hills  Masab Tank  Hyderabad     500 028 Telangana  India Email   infothegolkondahotel com Telephone   91 40 66110101 Fax   91 40 66110102 Toll Free   1800 425 0202 Delhi Sales Office   9133330344 Email   delhithegolkondahotel com,141,1.3,,,,,,,,,,,,,,,,,,,,,,,,,,,,,,,,,,,,,,,,,,,,,,,,
725,Uttar Pradesh,Lucknow ,4 Star,With Alcohol,Fairfield By Marriott Hotel,Gemini Continental Pvt  Ltd   Unit 2   Vibhuti Khand  Gomti Nagar  Opp Indira Gandhi Pratishthan  Lucknow  Uttar Pradesh,222,1,,,,,,,,,,,,,,,,,,,,,,,,,,,,,,,,,,,,,,,,,,,,,,,,
726,Uttar Pradesh,Lucknow ,4 Star,With Alcohol,FAIRFIELD BY MARRIOTT LUCKNOW,FAIRFIELD BY MARRIOTT LUCKNOW OPP  INDIRA GANDHI PRATISTHAN  VIBHUTI KHAND  GOMTI NAGAR,222,4.4,,,,,,,,,,,,,,,,,,,,,,,,,,,,,,,,,,,,,,,,,,,,,,,,
727,Uttar Pradesh,Noida,4 Star,With Alcohol,FORTUNE INN GRAZIA  unit of ANGEL BABY PRODUCTS PVT  LTD ,Plot No  1A  Block I  Sector 27  Noida   201301  Uttar Pradesh  India  NOIDA  Uttar Pradesh   201301  India,42,3.4,,,,,,,,,,,,,,,,,,,,,,,,,,,,,,,,,,,,,,,,,,,,,,,,
728,Uttar Pradesh,Shahjahanpur,4 Star,With Alcohol,THE GRAND ARC HOTEL  UNIT OF SHRI BALAJI HOSPITALITY ,SH 29   NAVADA INDERPUR   SHAHJAHANPUR   UTTAR PRADESH 242226,61,1.6,,,,,,,,,,,,,,,,,,,,,,,,,,,,,,,,,,,,,,,,,,,,,,,,
729,Uttarakhand,Ramnagar,4 Star,With Alcohol,Aahana The Corbett Wilderness  Unit of Corbett Nature Reserve ,Village Sawaldey West   Ramnagar   Nainital   Uttrakhand 244715 ,46,3.5,,,,,,,,,,,,,,,,,,,,,,,,,,,,,,,,,,,,,,,,,,,,,,,,
730,West Bengal,Baharampur,4 Star,With Alcohol,FAME HOTELS PVT LTD,24A7 KAILKA PUR ROAD  SHILPO TALUK ,52,2.4,,,,,,,,,,,,,,,,,,,,,,,,,,,,,,,,,,,,,,,,,,,,,,,,
731,West Bengal,Kolkata,4 Star,With Alcohol,AAURIS UNIT OF MODERN INNS PRIVATE LIMITED,4 ROBINSON STREET  KOLKATA 700017,56,4,,,,,,,,,,,,,,,,,,,,,,,,,,,,,,,,,,,,,,,,,,,,,,,,
732,West Bengal,Kolkata,4 Star,With Alcohol,ALTAIR A UNIT OF AMBUJA REALTY DEVELOPMENT LTD ,ECOCENTRE  GROUND FLOOR LOBBY  19TH  20TH AND 21ST FLOOR  EM 4  EM BLOCK  SECTOR V  SALT LAKE,23,3,,,,,,,,,,,,,,,,,,,,,,,,,,,,,,,,,,,,,,,,,,,,,,,,
733,West Bengal,Kolkata,4 Star,With Alcohol,Hotel Monotel,DM 2  Sector V  Salt Lake  Beside Gate No  4 of Wipro ,109,1.1,,,,,,,,,,,,,,,,,,,,,,,,,,,,,,,,,,,,,,,,,,,,,,,,
734,West Bengal,Kolkata,4 Star,With Alcohol,HOTEL O2 OXYGEN,641 MONDALGANTHI RAMAKRISHNAPALLY VIP ROAD KAIKHALI KOPLKATA 700052,109,2.3,,,,,,,,,,,,,,,,,,,,,,,,,,,,,,,,,,,,,,,,,,,,,,,,
735,West Bengal,Kolkata,4 Star,With Alcohol,HOTEL O2 OXYGEN,641 MONDOL GANTHI RAMAKRISHNAPALLY   VIP ROAD   KAIKHALI  KOLKATA 700 052,109,2.4,,,,,,,,,,,,,,,,,,,,,,,,,,,,,,,,,,,,,,,,,,,,,,,,
736,West Bengal,Kolkata,4 Star,With Alcohol,New Kenilworth Hotel Pvt  Ltd ,1 2  Little Russel Street,101,1.4,,,,,,,,,,,,,,,,,,,,,,,,,,,,,,,,,,,,,,,,,,,,,,,,
737,West Bengal,Kolkata,4 Star,With Alcohol,THE ASTOR  KOLKATA,15  SHAKESPEARE SARANI  ,33,4,,,,,,,,,,,,,,,,,,,,,,,,,,,,,,,,,,,,,,,,,,,,,,,,
738,West Bengal,Kolkata,4 Star,With Alcohol,THE SONNET,BLOCK DD  PLOT NO 8  SECTOR 1  SALT LAKE  KOLKATA   700 064 ,64,1.5,,,,,,,,,,,,,,,,,,,,,,,,,,,,,,,,,,,,,,,,,,,,,,,,
739,West Bengal,Purulia,4 Star,With Alcohol,HOTEL AKASH SAROVAR,East Lake Road  Near Surya Mandir  Purulia,34,1.7,,,,,,,,,,,,,,,,,,,,,,,,,,,,,,,,,,,,,,,,,,,,,,,,
740,Andaman And Nicobar,Port Blair ,4 Star,Without Alcohol,HOTEL AQUAGREEN A UNIT OF SOUTHERNS HOLDINGS AND INVESTMENTS CHENNAI PRIVATE LIMITED,KEYS SELECT HOTEL AQUAGREEN OPPOSITE TO AIRPORT EXIT GATE  LAMBA LINE JUNGLI GHAT  Port Blair ,48,3,,,,,,,,,,,,,,,,,,,,,,,,,,,,,,,,,,,,,,,,,,,,,,,,
741,Andhra Pradesh,Visakhapatnam,4 Star,Without Alcohol,PALM BEACH HOTEL,D NO  6 24 3 BEACH ROAD VISHAKAPATNAM,74,5,,,,,,,,,,,,,,,,,,,,,,,,,,,,,,,,,,,,,,,,,,,,,,,,
742,Chhattisgarh,Raipur ,4 Star,Without Alcohol,Ariena   The Boutique Hotel,608 3  Opp Oswal Petrol Pump  VIP Square  ,50,4,,,,,,,,,,,,,,,,,,,,,,,,,,,,,,,,,,,,,,,,,,,,,,,,
743,Chhattisgarh,Raipur ,4 Star,Without Alcohol,HOtel Vennington Court,Fafadih Chowk  Beside RAheja Tower  Raipur,57,2.2,,,,,,,,,,,,,,,,,,,,,,,,,,,,,,,,,,,,,,,,,,,,,,,,
744,Delhi,Delhi,4 Star,Without Alcohol,Svelte Hotel And Personal Suites,A 3  District Center  Select Citywalk  Saket,97,4.5,,,,,,,,,,,,,,,,,,,,,,,,,,,,,,,,,,,,,,,,,,,,,,,,
745,Delhi,New Delhi,4 Star,Without Alcohol,Crowne Plaza New Delhi Rohini,CROWNE PLAZA NEW DELHI ROHINI TWIN DISTRICT CENTRE SECTOR 10 ROHINI NEW DELHI 110085,183,5,,,,,,,,,,,,,,,,,,,,,,,,,,,,,,,,,,,,,,,,,,,,,,,,
746,Gujarat,Ahmedabad,4 Star,Without Alcohol,BINORI HOTEL PVT LTD,22 1 B  NEAR MUKTIDHAM THALTEJ CROSS ROAD S G HIGHWAY AHMADABAD,69,2.2,,,,,,,,,,,,,,,,,,,,,,,,,,,,,,,,,,,,,,,,,,,,,,,,
747,Gujarat,Ahmedabad,4 Star,Without Alcohol,Gulmohar Greens   Golf Country Club Limited,Gulmohar Greens   Golf   Country Club Limited   next to  Gokul Vrindavan   off Sarkhej   Sanand Highway  Village  Kolat  Taluka  Sanand  District  Ahmedabad,54,4.4,,,,,,,,,,,,,,,,,,,,,,,,,,,,,,,,,,,,,,,,,,,,,,,,
748,Gujarat,Ahmedabad,4 Star,Without Alcohol,hotel kristar llp,plot no 233 opp sunvilla zydus hebadpur crossing thaltej ahmedabad gujarat india ,20,3.2,,,,,,,,,,,,,,,,,,,,,,,,,,,,,,,,,,,,,,,,,,,,,,,,
749,Gujarat,Ahmedabad,4 Star,Without Alcohol,HOTEL RAMADA UNIT OF HOTEL SANKALP RECREATION PVT  LTD ,SURVEY NO 948 CORPORATE ROAD PRAHLADNAGAR OFF S G HIGHWAY AHMEDABAD 380015 ,90,2,,,,,,,,,,,,,,,,,,,,,,,,,,,,,,,,,,,,,,,,,,,,,,,,
750,Gujarat,Ahmedabad,4 Star,Without Alcohol,HOTEL SILVER CLOUD,HOTEL SILVER CLOUD  FP NO 726   727  OPP  GANDHI ASHRAM AND DANDI BRIDGE  WADAJ  AHMEDABAD,73,4.9,,,,,,,,,,,,,,,,,,,,,,,,,,,,,,,,,,,,,,,,,,,,,,,,
